date	title	category	url	post_text
2023-12-01 14:00:00+00:00	Seizing the AI opportunity in Europe	Public Policy	https://blog.google/outreach-initiatives/public-policy/seizing-the-ai-opportunity-in-europe/	
2023-11-17 23:00:00+00:00	Key takeaways from the Search trial	Public Policy	https://blog.google/outreach-initiatives/public-policy/key-takeaways-from-the-search-trial/	
2023-11-14 10:00:00+00:00	An opportunity agenda for AI	Public Policy	https://blog.google/outreach-initiatives/public-policy/google-ai-opportunity-agenda/	
2023-11-13 17:00:00+00:00	How Google is partnering to fight fraud and improve app safety	Public Policy	https://blog.google/outreach-initiatives/public-policy/how-google-is-partnering-to-fight-fraud-and-improve-app-safety/	
2023-11-13 11:00:00+00:00	Taking legal action to protect users of AI and small businesses	Public Policy	https://blog.google/outreach-initiatives/public-policy/taking-legal-action-to-protect-users-of-ai-and-small-businesses/	
2023-11-10 12:00:00+00:00	Google at APEC 2023	Public Policy	https://blog.google/outreach-initiatives/public-policy/google-at-apec-2023/	
2023-11-02 19:00:00+00:00	Maintaining choice and opportunity on Android and Google Play	Public Policy	https://blog.google/outreach-initiatives/public-policy/maintaining-choice-and-opportunity-on-android-and-google-play/	
2023-10-26 12:00:00+00:00	Acting on our commitment to safe and secure AI	Safety & Security	https://blog.google/technology/safety-security/google-ai-security-expansion/	
2023-10-25 10:00:00+00:00	Anthropic, Google, Microsoft and OpenAI announce Executive Director of the Frontier Model Forum and over $10 million for a new AI Safety Fund	Public Policy	https://blog.google/outreach-initiatives/public-policy/google-microsoft-anthropic-open-ai-frontier-model-forum-executive-director/	
2023-10-16 13:00:00+00:00	A policy framework to protect children and teens online	Public Policy	https://blog.google/outreach-initiatives/public-policy/google-legislation-framework-children-teens-safety/	
2023-10-10 16:00:00+00:00	Update on Sonos’ misleading patent campaign	Public Policy	https://blog.google/outreach-initiatives/public-policy/google-home-sonos-patent-update/	
2023-09-21 22:00:00+00:00	Google at the 2023 United Nations General Assembly	Public Policy	https://blog.google/outreach-initiatives/public-policy/google-at-the-2023-united-nations-general-assembly/	
2023-09-08 10:00:00+00:00	People use Google because it's helpful	Public Policy	https://blog.google/outreach-initiatives/public-policy/response-us-v-google/	
2023-09-06 11:00:00+00:00	Building for compliance with the Digital Markets Act	Public Policy	https://blog.google/outreach-initiatives/public-policy/building-for-compliance-with-the-digital-markets-act/	
2023-08-17 07:00:00+00:00	Announcing the new Transparency Center	Company announcements	https://blog.google/inside-google/company-announcements/google-transparency-center/	
2023-08-04 19:15:00+00:00	Court dismisses state AG claims about Google Search	Public Policy	https://blog.google/outreach-initiatives/public-policy/court-dismisses-state-ag-claims-about-google-search/	
2023-07-26 10:00:00+00:00	Frontier Model Forum: A new partnership to promote responsible AI	Public Policy	https://blog.google/outreach-initiatives/public-policy/google-microsoft-openai-anthropic-frontier-model-forum/	
2023-07-21 09:15:00+00:00	Our commitment to advancing bold and responsible AI, together	Public Policy	https://blog.google/outreach-initiatives/public-policy/our-commitment-to-advancing-bold-and-responsible-ai-together/	
2023-06-29 17:00:00+00:00	Our approach to news regulation	News	https://blog.google/products/news/google-news-regulation/	
2023-06-16 10:00:00+00:00	We're taking legal action to stop fake review scams	Public Policy	https://blog.google/outreach-initiatives/public-policy/legal-action-stop-fake-review-scams/	
2023-06-14 14:55:00+00:00	Today’s European Commission announcement about our advertising technology	Google in Europe	https://blog.google/around-the-globe/google-europe/todays-european-commission-announcement-about-our-advertising-technology/	
2023-05-12 17:00:00+00:00	Protecting people’s privacy on health topics	Safety & Security	https://blog.google/technology/safety-security/protecting-peoples-privacy-on-health-topics/	
2023-03-28 10:00:00+00:00	Protecting and advancing democracy online	Public Policy	https://blog.google/outreach-initiatives/public-policy/protecting-and-advancing-democracy-online/	
2023-02-24 19:50:00+00:00	Updates on our support for Ukraine	Public Policy	https://blog.google/outreach-initiatives/public-policy/updates-google-support-for-ukraine/	
2023-02-16 15:00:00+00:00	Google returns to the Munich Security Conference	Public Policy	https://blog.google/outreach-initiatives/public-policy/google-returns-to-the-munich-security-conference/	
2023-01-24 19:58:00+00:00	DOJ’s lawsuit ignores the enormous competition in the online advertising industry	Public Policy	https://blog.google/outreach-initiatives/public-policy/doj-ad-tech-lawsuit-response/	
2023-01-12 20:00:00+00:00	Gonzalez v Google and the future of an open, free and safe internet	Public Policy	https://blog.google/outreach-initiatives/public-policy/gonzalez-v-google-and-the-future-of-an-open-free-and-safe-internet/	
2022-12-21 20:00:00+00:00	Our ongoing commitment to human rights	Public Policy	https://blog.google/outreach-initiatives/public-policy/our-ongoing-commitment-to-human-rights/	
2022-12-01 17:30:00+00:00	New ways we're supporting Ukraine	Public Policy	https://blog.google/outreach-initiatives/public-policy/new-ways-were-supporting-ukraine/	
2022-11-18 15:45:00+00:00	A ruling in our legal case against the Glupteba botnet	Public Policy	https://blog.google/outreach-initiatives/public-policy/a-ruling-in-our-legal-case-against-the-glupteba-botnet/	
2022-11-14 17:00:00+00:00	Managing your location data	Public Policy	https://blog.google/outreach-initiatives/public-policy/managing-your-location-data/	
2022-10-27 16:00:00+00:00	Why Google supports the US Securing Open Source Software Act	Safety & Security	https://blog.google/technology/safety-security/why-google-supports-the-us-securing-open-source-software-act/	
2022-10-26 08:30:00+00:00	In Madrid, a pitch for “open security”	Public Policy	https://blog.google/outreach-initiatives/public-policy/in-madrid-a-pitch-for-open-security/	
2022-10-12 18:30:00+00:00	A $100 billion opportunity to boost digital exports in Latin America	Public Policy	https://blog.google/outreach-initiatives/public-policy/a-100-billion-opportunity-to-boost-digital-exports-in-latin-america/	
2022-10-10 08:00:00+00:00	A pilot program to build a diverse pool of policy experts	Diversity and Inclusion	https://blog.google/outreach-initiatives/diversity/a-pilot-program-to-build-a-diverse-pool-of-policy-experts/	
2022-09-22 16:30:00+00:00	Google at the 2022 United Nations General Assembly	Public Policy	https://blog.google/outreach-initiatives/public-policy/google-at-the-2022-united-nations-general-assembly/	
2022-09-21 13:30:00+00:00	Sprinting towards a more  equitable and sustainable future	Public Policy	https://blog.google/outreach-initiatives/public-policy/sprinting-towards-a-more-equitable-and-sustainable-future/	
2022-09-13 23:59:00+00:00	The Court’s decision to dismiss much of the Texas AG’s antitrust case	Public Policy	https://blog.google/outreach-initiatives/public-policy/the-courts-decision-to-dismiss-much-of-the-texas-ags-antitrust-case/	
2022-07-28 09:15:00+00:00	Our support for the Economic Opportunity Coalition	Public Policy	https://blog.google/outreach-initiatives/public-policy/our-support-for-the-economic-opportunity-coalition/	
2022-07-27 15:30:00+00:00	Our new office is a love letter to Atlanta	Company announcements	https://blog.google/inside-google/company-announcements/atlanta-office/	
2022-07-19 23:00:00+00:00	Transparency in the shadowy world of cyberattacks	Public Policy	https://blog.google/outreach-initiatives/public-policy/transparency-in-the-shadowy-world-of-cyberattacks/	
2022-07-18 13:00:00+00:00	Google and the Global Cross Border Privacy Rules	Public Policy	https://blog.google/outreach-initiatives/public-policy/google-and-the-global-cross-border-privacy-rules/	
2022-06-30 23:55:00+00:00	Google and U.S. developers find agreement over Google Play store	Public Policy	https://blog.google/outreach-initiatives/public-policy/google-and-us-developers-find-agreement-over-google-play-store/	
2022-06-24 07:00:00+00:00	How tech can support transformational growth in Africa		https://blog.google/around-the-globe/google-africa/supporting-growth-in-africa/	
2022-06-23 21:00:00+00:00	It’s time for more transparency around government data demands	Public Policy	https://blog.google/outreach-initiatives/public-policy/its-time-for-more-transparency-around-government-data-demands/	
2022-06-10 11:00:00+00:00	Google at the Copenhagen Democracy Summit	Public Policy	https://blog.google/outreach-initiatives/public-policy/google-at-the-copenhagen-democracy-summit/	
2022-06-07 09:30:00+00:00	How Congress’ anti-tech bill undermines security	Public Policy	https://blog.google/outreach-initiatives/public-policy/how-congress-anti-tech-bill-undermines-security/	
2022-06-03 07:00:00+00:00	Advancing security across Central and Eastern Europe	Safety & Security	https://blog.google/technology/safety-security/advancing-security-across-central-and-eastern-europe/	
2022-05-23 09:00:00+00:00	A framework for Asia-Pacific’s digital growth	Public Policy	https://blog.google/outreach-initiatives/public-policy/a-framework-for-asias-digital-growth/	
2022-05-20 23:59:00+00:00	The facts about the temporary Match Group agreement	Public Policy	https://blog.google/outreach-initiatives/public-policy/the-facts-about-the-temporary-match-group-agreement/	
2022-05-17 10:45:00+00:00	Building a secure world	Safety & Security	https://blog.google/technology/safety-security/building-a-secure-world/	
2022-05-09 19:37:00+00:00	Setting the Record Straight on Match Group’s Cynical Campaign Against Google Play	Public Policy	https://blog.google/outreach-initiatives/public-policy/setting-the-record-straight-on-match-groups-cynical-campaign-against-google-play/	
2022-04-28 12:00:00+00:00	Coming together to protect the global internet	Public Policy	https://blog.google/outreach-initiatives/public-policy/coming-together-to-protect-the-global-internet/	
2022-04-28 10:00:00+00:00	Reforming the patent system to support American innovation	Public Policy	https://blog.google/outreach-initiatives/public-policy/reforming-the-patent-system-to-support-american-innovation/	
2022-04-25 16:30:00+00:00	The urgent necessity of enacting a national privacy law	Public Policy	https://blog.google/outreach-initiatives/public-policy/the-urgent-necessity-of-enacting-a-national-privacy-law/	
2022-03-28 20:00:00+00:00	The Trans-Atlantic Data Privacy Framework: Building for the long term	Public Policy	https://blog.google/outreach-initiatives/public-policy/trans-atlantic-data-privacy-framework-building-long-term/	
2022-03-09 18:00:00+00:00	Building data portability to help consumers choose	Public Policy	https://blog.google/outreach-initiatives/public-policy/building-data-portability-help-consumers-choose/	
2022-02-17 11:00:00+00:00	Google at the Munich Security Conference	Public Policy	https://blog.google/outreach-initiatives/public-policy/google-munich-security-conference/	
2022-02-11 07:00:00+00:00	The path forward with the Privacy Sandbox	Google in Europe	https://blog.google/around-the-globe/google-europe/path-forward-privacy-sandbox/	
2022-01-25 21:45:00+00:00	How Google puts you in control of your location data	Public Policy	https://blog.google/outreach-initiatives/public-policy/how-google-puts-you-control-your-location-data/	
2022-01-21 17:00:00+00:00	AG Paxton’s false claims still don’t add up	Public Policy	https://blog.google/outreach-initiatives/public-policy/ag-paxtons-false-claims-still-dont-add-up/	
2022-01-18 20:00:00+00:00	The harmful consequences of Congress’s anti-tech bills	Public Policy	https://blog.google/outreach-initiatives/public-policy/the-harmful-consequences-of-congresss-anti-tech-bills/	
2022-01-13 18:45:00+00:00	Making Open Source software safer and more secure	Safety & Security	https://blog.google/technology/safety-security/making-open-source-software-safer-and-more-secure/	
2021-12-10 22:00:00+00:00	How to sustain a safe, thriving app and game ecosystem	Public Policy	https://blog.google/outreach-initiatives/public-policy/how-sustain-safe-thriving-app-and-game-ecosystem/	
2021-11-11 14:30:00+00:00	Welcoming US-EU collaboration on cybersecurity	Public Policy	https://blog.google/outreach-initiatives/public-policy/welcoming-us-eu-collaboration-cybersecurity/	
2021-10-26 13:00:00+00:00	Bringing COP26 to people everywhere	Sustainability	https://blog.google/outreach-initiatives/sustainability/google-cop26-2021/	
2021-10-21 16:30:00+00:00	Our Content Removal Transparency Report for January to June 2021	Public Policy	https://blog.google/outreach-initiatives/public-policy/our-content-removal-transparency-report-january-june-2021/	
2021-10-20 18:30:00+00:00	We support comprehensive climate and clean energy policy	Public Policy	https://blog.google/outreach-initiatives/public-policy/we-support-comprehensive-climate-and-clean-energy-policy/	
2021-09-28 10:00:00+00:00	Strengthening the transatlantic digital space	Public Policy	https://blog.google/outreach-initiatives/public-policy/strengthening-transatlantic-digital-space/	
2021-09-20 13:30:00+00:00	A digital fast lane for emerging economies	Public Policy	https://blog.google/outreach-initiatives/public-policy/digital-fast-lane-emerging-economies/	
2021-09-17 13:00:00+00:00	Google at the UN General Assembly	Public Policy	https://blog.google/outreach-initiatives/public-policy/google-un-general-assembly/	
2021-09-09 17:30:00+00:00	Collaborating with the UN to accelerate crisis response	Public Policy	https://blog.google/outreach-initiatives/public-policy/collaborating-un-accelerate-crisis-response/	
2021-08-25 21:30:00+00:00	Why we’re committing $10 billion to advance cybersecurity	Safety & Security	https://blog.google/technology/safety-security/why-were-committing-10-billion-to-advance-cybersecurity/	
2021-07-07 02:02:00+00:00	A lawsuit that ignores choice on Android and Google Play	Public Policy	https://blog.google/outreach-initiatives/public-policy/lawsuit-ignores-choice-android-and-google-play/	
2021-06-29 10:00:00+00:00	Connecting people to food support in their community	Public Policy	https://blog.google/outreach-initiatives/public-policy/connecting-people-to-food-support/	
2021-05-26 10:00:00+00:00	Tracking data to advance health equity	Google.org	https://blog.google/outreach-initiatives/google-org/health-equity-tracker/	
2021-05-20 09:30:00+00:00	Technology can strengthen the U.S.-Korea alliance	Public Policy	https://blog.google/outreach-initiatives/public-policy/technology-can-strengthen-us-korea-alliance/	
2021-05-14 10:00:00+00:00	Why we're rallying support for immigration rights	Public Policy	https://blog.google/outreach-initiatives/public-policy/why-were-rallying-support-immigration-rights/	
2021-04-26 14:00:00+00:00	Google’s partnerships with international organizations	Public Policy	https://blog.google/outreach-initiatives/public-policy/googles-partnerships-with-international-organizations/	
2021-04-23 09:00:00+00:00	Seizing the moment - A framework for American innovation	Public Policy	https://blog.google/outreach-initiatives/public-policy/seizing-moment-framework-american-innovation/	
2021-04-09 09:55:00+00:00	The U.S. and Europe should launch a trade and technology council	Public Policy	https://blog.google/outreach-initiatives/public-policy/us-europe-technology-trade-council/	
2021-03-31 06:00:00+00:00	Google's €25 million contribution to media literacy	Google in Europe	https://blog.google/around-the-globe/google-europe/googles-25-million-contribution-to-media-literacy/	
2021-03-25 16:00:00+00:00	Sundar Pichai’s testimony before the U.S. House Committee on Energy & Commerce	Public Policy	https://blog.google/outreach-initiatives/public-policy/sundar-pichais-testimony-before-the-us-house-committee-on-energy-commerce/	
2021-03-16 16:46:00+00:00	The 2012 FTC staff papers	Public Policy	https://blog.google/outreach-initiatives/public-policy/2012-ftc-staff-papers/	
2021-02-25 14:00:00+00:00	Let’s finalize an international tax deal	Public Policy	https://blog.google/outreach-initiatives/public-policy/lets-finalize-an-international-tax-deal/	
2021-01-27 15:00:00+00:00	GSEC Dublin: A content responsibility center for Europe	Google in Europe	https://blog.google/around-the-globe/google-europe/gsec-dublin-content-responsibility-center-europe/	
2021-01-17 16:00:00+00:00	AG Paxton’s misleading attack on our ad tech business	Public Policy	https://blog.google/outreach-initiatives/public-policy/ag-paxtons-misleading-attack-on-our-ad-tech-business/	
2021-01-13 11:00:00+00:00	Our continuing support for Dreamers	Public Policy	https://blog.google/outreach-initiatives/public-policy/our-continuing-support-dreamers/	
2020-12-17 19:17:00+00:00	Redesigning Search would harm American consumers and businesses	Public Policy	https://blog.google/outreach-initiatives/public-policy/redesigning-search-would-harm-consumers-and-american-businesses/	
2020-12-17 09:00:00+00:00	A more private web can help businesses grow	Google in Europe	https://blog.google/around-the-globe/google-europe/more-private-web-can-help-businesses-grow/	
2020-11-16 08:00:00+00:00	The opportunity for “Digital Sprinters”	Public Policy	https://blog.google/outreach-initiatives/public-policy/the-opportunity-for-digital-sprinters/	
2020-10-28 14:35:00+00:00	Sundar Pichai’s testimony before the Senate Commerce Committee	Public Policy	https://blog.google/outreach-initiatives/public-policy/sundar-pichai-testimony-senate-commerce-committee/	
2020-10-28 14:00:00+00:00	The Digital Services Act must not harm Europe’s economic recovery	Google in Europe	https://blog.google/around-the-globe/google-europe/the-digital-services-act-must-not-harm-europes-economic-recovery/	
2020-10-22 01:00:00+00:00	A united front against online piracy in Asia Pacific	Google in Asia	https://blog.google/around-the-globe/google-asia/united-front-against-online-piracy-asia-pacific/	
2020-10-21 01:00:00+00:00	Partnership, policy and trade in Asia’s economic recovery	Google in Asia	https://blog.google/around-the-globe/google-asia/partnership-policy-trade-recovery/	
2020-10-20 15:29:00+00:00	A deeply flawed lawsuit that would do nothing to help consumers	Public Policy	https://blog.google/outreach-initiatives/public-policy/response-doj/	
2020-10-13 11:00:00+00:00	Serving Veterans with a new resource hub	Public Policy	https://blog.google/outreach-initiatives/public-policy/serving-veterans-new-resource-hub/	
2020-10-06 23:55:00+00:00	Statement on the Democratic and Republican House Antitrust Subcommittee reports	Public Policy	https://blog.google/outreach-initiatives/public-policy/statement-democratic-and-republican-house-antitrust-subcommittee-reports/	
2020-09-03 15:30:00+00:00	A more responsible, innovative and helpful internet in Europe	Google in Europe	https://blog.google/around-the-globe/google-europe/more-responsible-innovative-and-helpful-internet-europe/	
2020-09-02 13:00:00+00:00	Partnering with NSF on human-AI collaboration	AI	https://blog.google/technology/ai/partnering-nsf-human-ai-collaboration/	
2020-08-07 18:00:00+00:00	In support of interoperability	Public Policy	https://blog.google/outreach-initiatives/public-policy/support-interoperability/	
2020-07-29 17:52:00+00:00	Sundar Pichai’s testimony to the U.S. House Judiciary Subcommittee on Antitrust	Public Policy	https://blog.google/outreach-initiatives/public-policy/sundar-pichais-testimony-to-the-us-house-judiciary-subcommittee-on-antitrust/	
2020-04-23 16:00:00+00:00	Respecting rights: Global Network Initiative assessment report	Public Policy	https://blog.google/outreach-initiatives/public-policy/respecting-rights-global-network-initiative-assessment-report/	
2020-02-26 14:00:00+00:00	Continuing to grow and invest across America in 2020	Company announcements	https://blog.google/inside-google/company-announcements/continuing-grow-invest-across-america-2020/	
2020-02-03 11:00:00+00:00	Supporting the 2020 U.S. election	Safety & Security	https://blog.google/technology/safety-security/supporting-2020-us-election/	
2020-01-06 22:35:00+00:00	The case for open innovation	Public Policy	https://blog.google/outreach-initiatives/public-policy/case-for-open-innovation/	
2019-12-11 20:00:00+00:00	How Google and YouTube are working to protect the 2020 U.S. Census	Safety & Security	https://blog.google/technology/safety-security/how-google-and-youtube-are-working-protect-2020-us-census/	
2019-11-20 23:00:00+00:00	An update on our political ads policy	Ads	https://blog.google/technology/ads/update-our-political-ads-policy/	
2019-10-25 17:00:00+00:00	Bringing Wi-Fi to the residents of Celilo Village	Public Policy	https://blog.google/outreach-initiatives/public-policy/celilo-village-wi-fi-chromebooks/	
2019-10-02 19:00:00+00:00	The historic partnership of democracy and technology	Public Policy	https://blog.google/outreach-initiatives/public-policy/historic-partnership-democracy-and-technology/	
2019-09-12 10:00:00+00:00	The courage to change: sharing resources for recovery	Company announcements	https://blog.google/inside-google/company-announcements/recover-together/	
2019-09-06 21:06:00+00:00	Google’s services create choice for consumers, and spur innovation in the U.S.	Public Policy	https://blog.google/outreach-initiatives/public-policy/consumer-choice-competition-innovation/	
2019-08-22 23:00:00+00:00	Maintaining the integrity of our platforms	Public Policy	https://blog.google/outreach-initiatives/public-policy/maintaining-integrity-our-platforms/	
2019-06-27 19:00:00+00:00	It’s time for a new international tax deal	Public Policy	https://blog.google/outreach-initiatives/public-policy/its-time-new-international-tax-deal/	
2019-06-19 20:00:00+00:00	Oversight frameworks for content-sharing platforms	Public Policy	https://blog.google/outreach-initiatives/public-policy/oversight-frameworks-content-sharing-platforms/	
2019-04-18 12:00:00+00:00	Presenting search app and browser options to Android users in Europe	Google in Europe	https://blog.google/around-the-globe/google-europe/presenting-search-app-and-browser-options-android-users-europe/	
2019-04-11 20:00:00+00:00	USMCA: A trade framework for the digital age	Public Policy	https://blog.google/outreach-initiatives/public-policy/usmca-trade-framework-digital-age/	
2019-03-19 23:00:00+00:00	Supporting choice and competition in Europe	Android	https://blog.google/around-the-globe/google-europe/supporting-choice-and-competition-europe/	
2019-03-05 17:00:00+00:00	Doing our part to share open data responsibly	AI	https://blog.google/technology/ai/sharing-open-data/	
2019-02-21 17:00:00+00:00	To help fight the opioid crisis, a new tool from Maps and Search	Public Policy	https://blog.google/outreach-initiatives/public-policy/opioid-crisis-maps-search/	
2019-02-14 18:00:00+00:00	Smart regulation for combating illegal content	Public Policy	https://blog.google/outreach-initiatives/public-policy/principles-evolving-technology-policy-2019/smart-regulation-combating-illegal-content/	
2019-02-13 18:00:00+00:00	Investing across the U.S. in 2019	Company announcements	https://blog.google/inside-google/company-announcements/investing-13-billion-2019/	
2019-01-24 20:00:00+00:00	Oracle v. Google and the future of software development	Public Policy	https://blog.google/outreach-initiatives/public-policy/our-fight-protect-future-software-development/	
2019-01-22 18:00:00+00:00	Engaging policy stakeholders on issues in AI governance	Public Policy	https://blog.google/outreach-initiatives/public-policy/engaging-policy-stakeholders-issues-ai-governance/	
2019-01-18 15:00:00+00:00	Applications are open for the Google North America Public Policy Fellowship	Public Policy	https://blog.google/outreach-initiatives/public-policy/applications-are-open-google-north-america-public-policy-fellowship/	
2019-01-08 17:30:00+00:00	How we’re supporting smart regulation and policy innovation in 2019	Public Policy	https://blog.google/outreach-initiatives/public-policy/principles-evolving-technology-policy-2019/	
2018-12-20 23:59:00+00:00	To stop terror content online, tech companies need to work together	Public Policy	https://blog.google/outreach-initiatives/public-policy/stop-terror-content-online-tech-companies-need-work-together/	
2018-12-20 19:05:00+00:00	A "First Step" towards criminal justice reform	Public Policy	https://blog.google/outreach-initiatives/public-policy/first-step-towards-criminal-justice-reform/	
2018-12-20 13:00:00+00:00	From soil to supper: How technology influences your dinner	Public Policy	https://blog.google/outreach-initiatives/public-policy/soil-supper-how-technology-influences-your-dinner/	
2018-11-07 06:00:00+00:00	Protecting what we love about the internet: our efforts to stop online piracy	Public Policy	https://blog.google/outreach-initiatives/public-policy/protecting-what-we-love-about-internet-our-efforts-stop-online-piracy/	
2018-10-25 13:00:00+00:00	Parent helpline answers: How do I keep my family safe from opioid addiction?	Public Policy	https://blog.google/outreach-initiatives/public-policy/drug-free-helpline-answers-how-do-i-keep-my-family-safe-opioid-addiction/	
2018-10-03 13:10:00+00:00	Coming together to create a prior art archive	Public Policy	https://blog.google/outreach-initiatives/public-policy/coming-together-create-prior-art-archive/	
2018-09-24 18:40:00+00:00	Proposing a framework for data protection legislation	Public Policy	https://blog.google/outreach-initiatives/public-policy/proposing-framework-data-protection-legislation/	
2018-09-04 17:15:00+00:00	Our testimony to the U.S. Senate Select Committee on Intelligence	Public Policy	https://blog.google/outreach-initiatives/public-policy/our-testimony-us-senate-select-committee-intelligence/	
2018-08-15 17:48:00+00:00	Introducing a new transparency report for political ads	Ads	https://blog.google/technology/ads/introducing-new-transparency-report-political-ads/	
2018-07-23 17:20:00+00:00	Updating government access laws for the digital age	Public Policy	https://blog.google/outreach-initiatives/public-policy/updating-government-access-laws-digital-age/	
2018-07-18 11:30:00+00:00	Android has created more choice, not less	Google in Europe	https://blog.google/around-the-globe/google-europe/android-has-created-more-choice-not-less/	
2018-06-28 16:00:00+00:00	A new report on building opportunities for everyone	Public Policy	https://blog.google/outreach-initiatives/public-policy/new-report-building-opportunities-everyone/	
2018-06-19 07:00:00+00:00	Joining forces in Europe to prepare for the future of work	Google in Europe	https://blog.google/around-the-globe/google-europe/joining-forces-europe-prepare-future-work/	
2018-05-11 23:50:00+00:00	Digital Love Letters from children to parents who are incarcerated	Public Policy	https://blog.google/outreach-initiatives/public-policy/digital-love-letters-children-parents-who-are-incarcerated/	
2018-05-11 07:00:00+00:00	Our preparations for Europe’s new data protection law	Public Policy	https://blog.google/outreach-initiatives/public-policy/our-preparations-europes-new-data-protection-law/	
2018-05-04 13:00:00+00:00	Supporting election integrity through greater advertising transparency	Public Policy	https://blog.google/outreach-initiatives/public-policy/supporting-election-integrity-through-greater-advertising-transparency/	
2018-04-25 04:00:00+00:00	Help fight the opioid epidemic this National Prescription Drug Take Back Day	Public Policy	https://blog.google/outreach-initiatives/public-policy/national-drug-take-back-day/	
2018-03-02 15:00:00+00:00	2018 Google North America Public Policy Fellowship now accepting applications	Public Policy	https://blog.google/outreach-initiatives/public-policy/2018-google-north-america-public-policy-fellowship-now-accepting-applications/	
2018-02-26 17:00:00+00:00	Updating our “right to be forgotten” Transparency Report	Google in Europe	https://blog.google/around-the-globe/google-europe/updating-our-right-be-forgotten-transparency-report/	
2017-12-26 18:45:00+00:00	Extending domain opt-out and AdWords API tools	Public Policy	https://blog.google/outreach-initiatives/public-policy/extending-domain-opt-out-and-adwords-api-tools/	
2017-12-07 18:30:00+00:00	New government removals and National Security Letter data	Public Policy	https://blog.google/outreach-initiatives/public-policy/new-government-removals-and-national-security-letter-data/	
2017-12-04 15:00:00+00:00	Update on the Global Internet Forum to Counter Terrorism	Public Policy	https://blog.google/around-the-globe/google-europe/update-global-internet-forum-counter-terrorism/	
2017-11-15 17:00:00+00:00	Defending access to lawful information at Europe’s highest court	Google in Europe	https://blog.google/around-the-globe/google-europe/defending-access-lawful-information-europes-highest-court/	
2017-10-30 22:58:00+00:00	Security and disinformation in the U.S. 2016 election	Public Policy	https://blog.google/outreach-initiatives/public-policy/security-and-disinformation-us-2016-election/	
2017-10-16 09:00:00+00:00	Towards a future of work that works for everyone	Google in Europe	https://blog.google/around-the-globe/google-europe/towards-future-work-works-everyone/	
2017-09-28 16:22:00+00:00	Updating our Transparency Report and electronic privacy laws	Public Policy	https://blog.google/outreach-initiatives/public-policy/updating-our-transparency-report-and-electronic-privacy-laws/	
2017-09-20 21:20:00+00:00	Working together to combat terrorists online	Public Policy	https://blog.google/outreach-initiatives/public-policy/working-together-combat-terrorists-online/	
2017-09-07 20:40:00+00:00	Google’s fight against human trafficking	Public Policy	https://blog.google/outreach-initiatives/public-policy/googles-fight-against-human-trafficking/	
2017-07-27 23:00:00+00:00	A significant step toward modernizing our surveillance laws	Public Policy	https://blog.google/outreach-initiatives/public-policy/significant-step-toward-modernizing-our-surveillance-laws/	
2017-07-20 14:00:00+00:00	Applications now open for the Google Policy Fellowship in Europe and Africa	Google in Europe	https://blog.google/around-the-globe/google-europe/applications-now-open-google-policy-fellowship-europe-and-africa/	
2017-07-18 15:23:00+00:00	A new look for our Transparency Report	Public Policy	https://blog.google/outreach-initiatives/public-policy/new-look-our-transparency-report/	
2017-07-12 10:00:00+00:00	Net Neutrality Day of Action: Help preserve the open internet	Public Policy	https://blog.google/outreach-initiatives/public-policy/net-neutrality-day-action-help-preserve-open-internet/	
2017-07-11 18:00:00+00:00	Responding to the “Campaign for Accountability” report on academic research	Public Policy	https://blog.google/outreach-initiatives/public-policy/responding-campaign-accountability-report-academic-research/	
2017-06-27 10:15:00+00:00	The European Commission decision on online shopping: the other side of the story	Google in Europe	https://blog.google/around-the-globe/google-europe/european-commission-decision-shopping-google-story/	
2017-06-22 09:00:00+00:00	Digital security and due process: A new legal framework for the cloud era	Public Policy	https://blog.google/outreach-initiatives/public-policy/digital-security-and-due-process-new-legal-framework-cloud-era/	
2017-04-20 18:00:00+00:00	An international framework for digital evidence	Public Policy	https://blog.google/outreach-initiatives/public-policy/international-framework-digital-evidence/	
2017-04-03 05:00:00+00:00	Introducing PAX: the Android Networked Cross-License Agreement	Public Policy	https://blog.google/outreach-initiatives/public-policy/introducing-pax-android-networked-cross-license-agreement/	
2017-03-10 17:00:00+00:00	2017 Google North America Public Policy Fellowship now accepting applications	Public Policy	https://blog.google/outreach-initiatives/public-policy/2017-google-north-america-public-policy-fellowship-now-accepting-applications/	
2017-02-15 17:00:00+00:00	By Washington’s teeth! U.S. presidential history, now on Google Arts & Culture	Arts & Culture	https://blog.google/outreach-initiatives/arts-culture/washingtons-teeth-us-presidential-history-now-google-arts-culture/	
2017-02-06 23:30:00+00:00	Resounding support for updating electronic privacy laws	Public Policy	https://blog.google/outreach-initiatives/public-policy/resounding-support-updating-electronic-privacy-laws/	
2016-12-19 18:23:00+00:00	Reflecting on Google's GNI Engagement	Public Policy	https://blog.google/outreach-initiatives/public-policy/reflecting-googles-gni-engagement/	
2016-12-13 18:00:00+00:00	Sharing National Security Letters with the public	Public Policy	https://blog.google/outreach-initiatives/public-policy/sharing-national-security-letters-public/	
2016-12-07 18:10:00+00:00	The nature of water: unveiling the most detailed view of water on Earth	Google in Europe	https://blog.google/around-the-globe/google-europe/nature-water-unveiling-most-detailed-view-water-earth/	
2016-10-12 14:19:00+00:00	Building on Surveillance Reform	Public Policy	https://blog.google/outreach-initiatives/public-policy/building-surveillance-reform/	
2016-09-28 12:00:00+00:00	Strengthening the security of your Google account	Safety & Security	https://blog.google/technology/safety-security/strengthening-security-of-your-google/	
2016-09-26 11:51:00+00:00	Preserving a free and open internet (why the IANA transition must move forward)	Public Policy	https://blog.google/outreach-initiatives/public-policy/preserving-free-and-open-internet/	
2016-09-14 23:19:00+00:00	European copyright: there's a better way	Public Policy	https://blog.google/outreach-initiatives/public-policy/european-copyright-theres-better-way/	
2016-09-13 10:10:00+00:00	#AskJuncker: YouTube creators to interview the European Commission President	Google in Europe	https://blog.google/around-the-globe/google-europe/askjuncker-youtube-creators-to/	
2016-09-07 14:00:00+00:00	Refreshing our Transparency Report for copyright removals	Public Policy	https://blog.google/outreach-initiatives/public-policy/refreshing-our-transparency-report-copyright-removals/	
2016-08-30 14:15:00+00:00	11 New Countries Available in Google Patents	Public Policy	https://blog.google/outreach-initiatives/public-policy/11-new-countries-available-google-patents/	
2016-07-18 17:57:00+00:00	Privacy for the next billion users	Public Policy	https://blog.google/outreach-initiatives/public-policy/privacy-for-next-billion-users/	
2016-07-13 15:20:00+00:00	American Democracy on Google Arts & Culture	Arts & Culture	https://blog.google/outreach-initiatives/arts-culture/american-democracy-on-google-arts/	
2016-07-13 10:00:00+00:00	Continuing to create value while fighting piracy: an update	Public Policy	https://blog.google/outreach-initiatives/public-policy/continuing-to-create-value-while/	
2016-07-12 09:35:00+00:00	EU-US Privacy Shield: Restoring faith in data flows and transatlantic relations	Google in Europe	https://blog.google/around-the-globe/google-europe/eu-us-privacy-shield-restoring-faith-in/	
2016-07-08 02:53:00+00:00	Global Network Initiative releases 2015 Assessment Report	Public Policy	https://blog.google/outreach-initiatives/public-policy/global-network-initiative-releases-2015/	
2016-06-17 16:02:00+00:00	Digital Love Letters for fathers who are incarcerated	Public Policy	https://blog.google/outreach-initiatives/public-policy/digital-love-letters-for-fathers-who/	
2016-06-10 16:23:00+00:00	The Trans-Pacific Partnership: A step forward for the Internet	Public Policy	https://blog.google/outreach-initiatives/public-policy/the-trans-pacific-partnership-step/	
2016-06-10 11:26:00+00:00	A new skills agenda for Europe: getting everyone digital	Google in Europe	https://blog.google/around-the-globe/google-europe/a-new-skills-agenda-for-europe-getting_10/	
2016-06-03 17:22:00+00:00	Innovating for a cleaner energy future	Public Policy	https://blog.google/outreach-initiatives/public-policy/innovating-for-cleaner-energy-future/	
2016-05-31 13:19:00+00:00	Our commitment to fighting illegal hate speech online	Google in Europe	https://blog.google/around-the-globe/google-europe/our-commitment-to-fighting-illegal-hate_39/	
2016-05-19 11:15:00+00:00	A principle that should not be forgotten	Google in Europe	https://blog.google/around-the-globe/google-europe/a-principle-that-should-not-be-forgotten/	
2016-05-11 13:00:00+00:00	An update to our AdWords policy on lending products	Public Policy	https://blog.google/outreach-initiatives/public-policy/an-update-to-our-adwords-policy-on/	
2016-05-07 16:00:00+00:00	Digital #LoveLetters from children of the incarcerated	Public Policy	https://blog.google/outreach-initiatives/public-policy/love-letters-children-of-incarcerated/	
2016-05-06 06:56:00+00:00	This is for everyone: Google and Debating Europe discuss women and tech	Google in Europe	https://blog.google/around-the-globe/google-europe/this-is-for-everyone-google-and_6/	
2016-05-02 20:26:00+00:00	Join Chancellor Merkel and President Obama on their Hannover Messe Tour	Public Policy	https://blog.google/outreach-initiatives/public-policy/join-chancellor-merkel-and-president/	
2016-04-27 19:42:00+00:00	A landmark vote for electronic privacy	Public Policy	https://blog.google/outreach-initiatives/public-policy/a-landmark-vote-for-electronic-privacy/	
2016-04-20 09:39:00+00:00	Android’s model of open innovation	Google in Europe	https://blog.google/around-the-globe/google-europe/androids-model-of-open-innovation/	
2016-04-14 06:53:00+00:00	Working together to better protect children online	Google in Europe	https://blog.google/around-the-globe/google-europe/working-together-to-better-protec/	
2016-04-01 14:37:00+00:00	Google unites with other tech companies to support US Clean Power Plan	Sustainability	https://blog.google/outreach-initiatives/environment/google-unites-with-other-tech-companies/	
2016-03-25 17:43:00+00:00	Bringing Internet voices into trade	Public Policy	https://blog.google/outreach-initiatives/public-policy/bringing-internet-voices-into-trade/	
2016-03-17 13:44:00+00:00	Google, YouTube and Binge On	Public Policy	https://blog.google/outreach-initiatives/public-policy/google-youtube-and-binge-on/	
2016-03-04 16:52:00+00:00	Adapting our approach to the European right to be forgotten	Google in Europe	https://blog.google/around-the-globe/google-europe/adapting-our-approach-to-european-rig/	
2016-03-04 00:02:00+00:00	Joining together to avoid a troubling legal precedent	Public Policy	https://blog.google/outreach-initiatives/public-policy/joining-together-to-avoid-troubling/	
2016-03-03 22:19:00+00:00	2016 Google North America Public Policy Fellowship now accepting applications	Public Policy	https://blog.google/outreach-initiatives/public-policy/2016-google-north-america-public-policy/	
2015-12-16 00:00:00+00:00	Search on: 2015 in Google Search	Search	https://blog.google/products/search/2015-year-in-search/	
2015-12-03 00:00:00+00:00	Powering the Internet with renewable energy	Sustainability	https://blog.google/outreach-initiatives/environment/powering-internet-renewable-energy/	
2015-07-27 00:00:00+00:00	Rising to the climate challenge	Sustainability	https://blog.google/outreach-initiatives/environment/rising-to-climate-challenge/	
2015-06-26 00:00:00+00:00	Through the Google lens: Search trends June 19-25	Search	https://blog.google/products/search/through-google-lens-search-trends-june_26/	
2015-05-14 17:24:00+00:00	New data, more facts: an update to the Transparency Report	Public Policy	https://blog.google/outreach-initiatives/public-policy/new-data-more-facts-update-to/	
2015-04-15 15:52:00+00:00	Android has helped create more choice and innovation on mobile than ever before	Android	https://blog.google/products/android/android-has-helped-create-more-choice/	
2015-04-15 15:27:00+00:00	The Search for Harm	Public Policy	https://blog.google/outreach-initiatives/public-policy/the-search-for-harm/	
2014-11-07 14:04:00+00:00	Through the Google lens: search trends October 31 - November 6	Search	https://blog.google/products/search/through-google-lens-search-trends-nov_6/	
2014-07-11 15:07:00+00:00	Searching for the right balance	Public Policy	https://blog.google/outreach-initiatives/public-policy/searching-for-right-balance/	
2014-03-27 14:50:00+00:00	Transparency Report: Requests for user information up 120 percent over four years	Public Policy	https://blog.google/outreach-initiatives/public-policy/transparency-report-requests-for-user/	
2014-03-11 17:16:00+00:00	On the 25th anniversary of the web, let’s keep it free and open	Public Policy	https://blog.google/outreach-initiatives/public-policy/on-25th-anniversary-of-web-lets-keep-it/	
2013-12-19 16:35:00+00:00	Transparency Report: Government removal requests continue to rise	Public Policy	https://blog.google/outreach-initiatives/public-policy/transparency-report-government-removal/	
2013-11-14 12:09:00+00:00	Government requests for user information double over three years	Public Policy	https://blog.google/outreach-initiatives/public-policy/government-requests-for-user/	
2013-09-23 12:48:00+00:00	Explore the world’s constitutions with a new online tool	Public Policy	https://blog.google/outreach-initiatives/public-policy/explore-worlds-constitutions-with-new/	
2013-09-09 15:31:00+00:00	A petition for greater transparency	Public Policy	https://blog.google/outreach-initiatives/public-policy/petition-greater-transparency/	
2013-06-07 11:59:00+00:00	What the ...?	Safety & Security	https://blog.google/technology/safety-security/what/	
2013-04-26 10:40:00+00:00	The Big Tent comes to Washington	Public Policy	https://blog.google/outreach-initiatives/public-policy/the-big-tent-comes-to-washington/	
2013-04-25 10:45:00+00:00	Transparency Report: More government removal requests than ever before	Public Policy	https://blog.google/outreach-initiatives/public-policy/transparency-report-more-government/	
2013-03-05 17:04:00+00:00	Transparency Report: Shedding more light on National Security Letters	Safety & Security	https://blog.google/technology/safety-security/transparency-report-shedding-more-light/	
2013-02-27 17:49:00+00:00	Support free expression: Vote for the Netizen of the Year	Public Policy	https://blog.google/outreach-initiatives/public-policy/support-free-expression-vote-for/	
2013-02-20 12:35:00+00:00	Fireside Hangouts: Join First Lady Michelle Obama in a Google+ Hangout to discuss Let’s Move!		https://blog.google/products/google-plus/fireside-hangouts-join-first-lady/	
2013-01-23 11:12:00+00:00	Fireside Hangouts: Join Vice President Biden in a discussion about gun violence		https://blog.google/products/google-plus/fireside-hangouts-join-vice-president/	
2013-01-03 13:39:00+00:00	The Federal Trade Commission closes its antitrust review	Public Policy	https://blog.google/outreach-initiatives/public-policy/the-federal-trade-commission-closes-its/	
2012-12-02 15:38:00+00:00	Keep the Internet free and open	Public Policy	https://blog.google/outreach-initiatives/public-policy/keep-internet-free-and-open/	
2012-07-03 11:39:00+00:00	Celebrate freedom. Support a free and open Internet.	Public Policy	https://blog.google/outreach-initiatives/public-policy/celebrate-freedom-support-free-and-open/	