date	title	topic	author	path	post_text
Saturday, 18 November 2023	Stand with X to protect free speech	Company	X Safety	https://blog.twitter.com/en_us/topics/company/2023/stand-with-x-to-protect-free-speech	
Tuesday, 14 November 2023	Maintaining the safety of X in times of conflict	Company	X Safety	https://blog.twitter.com/en_us/topics/company/2023/maintaining-the-safety-of-x-in-times-of-conflict	
Thursday, 26 October 2023	One year in, the future of X is bright	Company	Linda Yaccarino	https://blog.twitter.com/en_us/topics/company/2023/one-year-in	
Tuesday, 24 October 2023	X’s community-led approach: tackling inaccurate & misleading information	Company	Keith Coleman	https://blog.twitter.com/en_us/topics/company/2023/xs-community-led-approach-tackling-inaccurate-and-misleading-information	
Friday, 8 September 2023	Our ongoing commitment to combat antisemitism on X	Company	X Safety	https://blog.twitter.com/en_us/topics/company/2023/supporting-peoples-right-to-accurate-and-safe-political-discourse-on-x1	
Tuesday, 29 August 2023	Supporting people’s right to accurate and safe political discourse on X	Company	X Safety	https://blog.twitter.com/en_us/topics/company/2023/supporting-peoples-right-to-accurate-and-safe-political-discourse-on-x	
Tuesday, 22 August 2023	#FIFAWWC: How a generation-defining conversation came alive on X 	Events	X Marketing	https://blog.twitter.com/en_us/topics/events/2023/fifawwc-how-a-generation-defining-conversation-came-alive-on-x	
Monday, 31 July 2023	Protecting the public’s right to free expression	Company	X	https://blog.twitter.com/en_us/topics/company/2023/a-new-era-of-transparency-for-twitter1	
Wednesday, 12 July 2023	Freedom of Speech Not Reach: New Updates and Progress	Product	X Safety	https://blog.twitter.com/en_us/topics/product/2023/freedom-of-speech-not-reach--new-updates-and-progress	
Tuesday, 25 April 2023	An update on Twitter Transparency Reporting	Company	X	https://blog.twitter.com/en_us/topics/company/2023/an-update-on-twitter-transparency-reporting	
Monday, 17 April 2023	Freedom of Speech, Not Reach: An update on our enforcement philosophy	Product	X Safety	https://blog.twitter.com/en_us/topics/product/2023/freedom-of-speech-not-reach-an-update-on-our-enforcement-philosophy	
Friday, 31 March 2023	A new era of transparency for Twitter	Company	X	https://blog.twitter.com/en_us/topics/company/2023/a-new-era-of-transparency-for-twitter	
Wednesday, 15 February 2023	An update on two-factor authentication using SMS on Twitter	Product	X	https://blog.twitter.com/en_us/topics/product/2023/an-update-on-two-factor-authentication-using-sms-on-twitter	
Tuesday, 20 December 2022	#WorldCup on Twitter: The G.O.A.T.	Events	Bruna Piovesan	https://blog.twitter.com/en_us/topics/events/2022/2022-World-Cup-Insights	
Monday, 12 December 2022	Twitter Blue is back. And gold checkmarks are here!	Product	Patrick Traughber	https://blog.twitter.com/en_us/topics/product/2022/twitter-blue-update	
Wednesday, 30 November 2022	Twitter 2.0: Our continued commitment to the public conversation 	Company	X	https://blog.twitter.com/en_us/topics/company/2022/twitter-2-0-our-continued-commitment-to-the-public-conversation	
Thursday, 27 October 2022	Twitter’s curation program with AFP expands to LATAM, Spain, and the US	Product		https://blog.twitter.com/en_us/topics/product/2022/twitter-curation-program-afp-expands-spain-latam-us	
Wednesday, 26 October 2022	Designing accessible sounds: The story behind our new chirps	Product		https://blog.twitter.com/en_us/topics/product/2022/designing-accessible-sounds-story-behind-our-new-chirps	
Friday, 21 October 2022	A meme is born: How people are taking mixed media viral on Twitter	Insights	X	https://blog.twitter.com/en_us/topics/insights/2022/meme-is-born-how-people-are-taking-mixed-media-viral-twitter	
Thursday, 20 October 2022	Taylor Swift’s “Midnights” reveals how music fans show up on Twitter	Insights		https://blog.twitter.com/en_us/topics/insights/2022/taylor-swift-midnights-reveals-how-music-fans-show-up-twitter	
Thursday, 13 October 2022	When natural disasters happen, Twitter can be used to help. Here’s how	Company	X	https://blog.twitter.com/en_us/topics/company/2022/when-natural-disasters-happen-twitter-can-help-heres-how	
Tuesday, 11 October 2022	Inclusion, Diversity, Equity, Accessibility Q3 2022: Accessibility	Company	James Loduca (he/him)	https://blog.twitter.com/en_us/topics/company/2022/inclusion-diversity-equity-accessibility-accessibility-October-20222	
Thursday, 6 October 2022	Helpful Birdwatch notes are now visible to everyone on Twitter in the US	Product		https://blog.twitter.com/en_us/topics/product/2022/helpful-birdwatch-notes-now-visible-everyone-twitter-us	
Wednesday, 5 October 2022	Introducing mixed media: Videos, images, and GIFs together in one Tweet	Product	X	https://blog.twitter.com/en_us/topics/product/2022/introducing-mixed-media-videos-images-gifs-together-one-tweet	
Thursday, 29 September 2022	New video products make it easier to watch what’s happening on X	Product	X	https://blog.twitter.com/en_us/topics/product/2022/new-video-products-make-easier-watch-what-happening-twitter	
Wednesday, 28 September 2022	Our approach to the 2022 elections in Brazil and partnership with AFP	Company		https://blog.twitter.com/en_us/topics/company/2022/our-approach-2022-elections-brazil-new-partnership-afp	
Thursday, 22 September 2022	The Twitter Moderation Research Consortium is now open to researchers	Company	Yoel Roth	https://blog.twitter.com/en_us/topics/company/2022/twitter-moderation-research-consortium-open-researchers	
Tuesday, 20 September 2022	How recommendations help you discover more on Twitter	Product	X	https://blog.twitter.com/en_us/topics/product/2022/how-recommendations-help-discover-more-twitter	
Monday, 19 September 2022	We’re making images on Twitter more accessible. Here’s how	Product		https://blog.twitter.com/en_us/topics/product/2022/making-images-twitter-more-accessible	
Friday, 16 September 2022	Moments that defined a record-breaking summer on Twitter	Insights	X	https://blog.twitter.com/en_us/topics/insights/2022/moments-that-defined-record-breaking-summer-twitter	
Monday, 12 September 2022	How many people come to Twitter for news? As it turns out, a LOT	Insights	Twitter News	https://blog.twitter.com/en_us/topics/insights/2022/how-many-people-come-twitter-for-news	
Thursday, 8 September 2022	Serena by the numbers: The most Tweeted about female athlete of all time	Insights	X	https://blog.twitter.com/en_us/topics/insights/2022/serena-numbers-most-tweeted-about-female-athlete-all-time	
Wednesday, 7 September 2022	Birdwatch is getting a new onboarding process and more visible notes	Product	X	https://blog.twitter.com/en_us/topics/product/2022/birdwatch-getting-new-onboarding-process-more-visible-notes	
Thursday, 1 September 2022	This is a test of Twitter’s new Edit Tweet feature. This is only a test	Product	X	https://blog.twitter.com/en_us/topics/product/2022/twitter-new-edit-tweet-feature-only-test	
Tuesday, 30 August 2022	Introducing Twitter Circle, a new way to Tweet to a smaller crowd	Product	X	https://blog.twitter.com/en_us/topics/product/2022/introducing-twitter-circle-new-way-tweet-smaller-crowd	
Thursday, 25 August 2022	Listen up: Podcasts are coming to Twitter	Product	X	https://blog.twitter.com/en_us/topics/product/2022/listen-up-podcasts-are-coming-twitter	
Thursday, 11 August 2022	 Our approach to the 2022 US midterms	Company	X	https://blog.twitter.com/en_us/topics/company/2022/-our-approach-to-the-2022-us-midterms	
Wednesday, 3 August 2022	The 2022 Kenyan General Election is happening on Twitter	Company	Emmanuel Lubanzadio	https://blog.twitter.com/en_us/topics/company/2022/the-2022-kenyan-general-election-is-happening-on-twitter	
Thursday, 28 July 2022	Sharing our latest transparency update, marking decade long commitment	Company		https://blog.twitter.com/en_us/topics/company/2022/ttr-20	
Thursday, 21 July 2022	IDEA Q2 2022: #UntilWeAllBelong Toolkit	Company	James Loduca (he/him)	https://blog.twitter.com/en_us/topics/company/2022/inclusion-diversity-equity-accessibility-report-our-global-approach-April-20221	
Tuesday, 12 July 2022	Twitter Gaming reports record conversation volume for first half of 2022	Insights	Rishi Chadha	https://blog.twitter.com/en_us/topics/insights/2022/twitter-gaming-reports-record-conversation-volume-for-first-half-of-2022	
Wednesday, 8 June 2022	Be part of the hype: Introducing Product Drops	Product	Justin Hoang	https://blog.twitter.com/en_us/topics/product/2022/be-part-of-the-hype--introducing-product-drops	
Wednesday, 25 May 2022	FTC settlement: Our commitment to protecting your privacy and security	Company	Damien Kieran 	https://blog.twitter.com/en_us/topics/company/2022/ftc-settlement-twitter	
Friday, 20 May 2022	Celebrating Twitter for Good	Company		https://blog.twitter.com/en_us/topics/company/2022/celebrating-twitter-for-good	
Thursday, 19 May 2022	Introducing our crisis misinformation policy	Company	Yoel Roth	https://blog.twitter.com/en_us/topics/company/2022/introducing-our-crisis-misinformation-policy	
Friday, 22 April 2022	Accelerating our climate commitments on Earth Day	Company	Seán Boyle	https://blog.twitter.com/en_us/topics/company/2022/accelerating-our-climate-commitments-on-earth-day	
Tuesday, 19 April 2022	Inclusion, Diversity, Equity, Accessibility Q1 2022: Our Global Approach	Company	James Loduca (he/him)	https://blog.twitter.com/en_us/topics/company/2022/inclusion-diversity-equity-accessibility-report-our-global-approach-April-2022	
Wednesday, 16 March 2022	Our ongoing approach to the war in Ukraine	Company	Sinéad McSweeney	https://blog.twitter.com/en_us/topics/company/2022/our-ongoing-approach-to-the-war-in-ukraine	
Wednesday, 9 March 2022	Twitter Shops: More space to shop	Product	Justin Hoang	https://blog.twitter.com/en_us/topics/product/2022/twitter-shops-more-space-to-shop	
Thursday, 3 March 2022	Building a better Birdwatch 	Company	Keith Coleman	https://blog.twitter.com/en_us/topics/company/2022/building-a-better-birdwatch	
Thursday, 27 January 2022	#KpopTwitter reaches new heights with 7.8 billion global Tweets	Insights	YeonJeong Kim	https://blog.twitter.com/en_us/topics/insights/2022/-kpoptwitter-reaches-new-heights-with-7-8-billion-global-tweets	
Tuesday, 25 January 2022	An update to the Twitter Transparency Center	Company	X	https://blog.twitter.com/en_us/topics/company/2021/transparency-19	
Monday, 10 January 2022	A banner year for gaming on Twitter in 2021	Insights	Rishi Chadha	https://blog.twitter.com/en_us/topics/insights/2021/a-banner-year-for-gaming-on-twitter-in-2021--	
Saturday, 1 January 2022	Twitter's report in compliance with Regulation (EU) 2021/1232	Company		https://blog.twitter.com/en_us/topics/company/2022/twitter-s-eu-submission-for-2021-1232	
Friday, 17 December 2021	Our continued collaboration with trusted partners    	Company	X Safety	https://blog.twitter.com/en_us/topics/company/2021/our-continued-collaboration-with-trusted-partners	
Tuesday, 14 December 2021	The state of social intelligence: 2021 year in review	Insights	Joe Rice	https://blog.twitter.com/en_us/topics/insights/2021/the-state-of-social-intelligence-2021-year-in-review	
Thursday, 9 December 2021	Our Holiday Wish List for the Digital Services Act	Company	Twitter Public Policy	https://blog.twitter.com/en_us/topics/company/2021/ourholidaywishlistforthedigitalservicesact	
Thursday, 9 December 2021	2021 #OnlyOnTwitter	Insights	Twitter Data	https://blog.twitter.com/en_us/topics/insights/2021/2021--onlyontwitter	
Monday, 6 December 2021	Season 2 of I Wish I Knew, a @TwitterResearch Podcast	Company		https://blog.twitter.com/en_us/topics/company/2021/season-2-i-wish-know	
Thursday, 2 December 2021	 Expanding access beyond information operations 	Company	Yoel Roth	https://blog.twitter.com/en_us/topics/company/2021/-expanding-access-beyond-information-operations-	
Thursday, 2 December 2021	Disclosing state-linked information operations we've removed	Company		https://blog.twitter.com/en_us/topics/company/2021/disclosing-state-linked-information-operations-we-ve-removed	
Wednesday, 1 December 2021	Our new search prompt to help people find credible information about HIV	Company	Kathleen Reen	https://blog.twitter.com/en_us/topics/company/2021/our-new-search-prompt-to-help-people-find-credible-information-about-hiv	
Tuesday, 30 November 2021	The evolution of social intelligence: Q&A with Dr. Jillian Ney	Insights	Joe Rice	https://blog.twitter.com/en_us/topics/insights/2021/the-evolution-of-social-intelligence	
Tuesday, 30 November 2021	Expanding our private information policy to include media	Company		https://blog.twitter.com/en_us/topics/company/2021/private-information-policy-update	
Monday, 22 November 2021	Watch, chat, shop: Live Shopping on Twitter	Product	Justin Hoang	https://blog.twitter.com/en_us/topics/product/2021/watch--chat--shop--live-shopping-on-twitter	
Wednesday, 17 November 2021	Our work to protect the integrity of the conversation in Ethiopia	Company		https://blog.twitter.com/en_us/topics/company/2021/our-work-to-protect-the-safety-and-integrity-of-the-conversation	
Wednesday, 10 November 2021	Our continued work to protect your privacy and security	Company	Damien Kieran 	https://blog.twitter.com/en_us/topics/company/2021/our-continued-work-to-protect-your-privacy-and-security	
Tuesday, 9 November 2021	Twitter smarter, Twitter harder with Twitter Blue	Product	Sara Beykpour	https://blog.twitter.com/en_us/topics/product/2021/twitter-smarter--twitter-harder-with-twitter-blue	
Monday, 1 November 2021	#COP26 is happening on Twitter	Company	X	https://blog.twitter.com/en_us/topics/company/2021/-cop26-is-happening-on-twitter	
Thursday, 2 December 2021	 Expanding access beyond information operations 	Company	Yoel Roth	https://blog.twitter.com/en_us/topics/company/2021/-expanding-access-beyond-information-operations-	
Thursday, 2 December 2021	Disclosing state-linked information operations we've removed	Company		https://blog.twitter.com/en_us/topics/company/2021/disclosing-state-linked-information-operations-we-ve-removed	
Wednesday, 1 December 2021	Our new search prompt to help people find credible information about HIV	Company	Kathleen Reen	https://blog.twitter.com/en_us/topics/company/2021/our-new-search-prompt-to-help-people-find-credible-information-about-hiv	
Tuesday, 30 November 2021	The evolution of social intelligence: Q&A with Dr. Jillian Ney	Insights	Joe Rice	https://blog.twitter.com/en_us/topics/insights/2021/the-evolution-of-social-intelligence	
Tuesday, 30 November 2021	Expanding our private information policy to include media	Company		https://blog.twitter.com/en_us/topics/company/2021/private-information-policy-update	
Monday, 22 November 2021	Watch, chat, shop: Live Shopping on Twitter	Product	Justin Hoang	https://blog.twitter.com/en_us/topics/product/2021/watch--chat--shop--live-shopping-on-twitter	
Wednesday, 17 November 2021	Our work to protect the integrity of the conversation in Ethiopia	Company		https://blog.twitter.com/en_us/topics/company/2021/our-work-to-protect-the-safety-and-integrity-of-the-conversation	
Wednesday, 10 November 2021	Our continued work to protect your privacy and security	Company	Damien Kieran 	https://blog.twitter.com/en_us/topics/company/2021/our-continued-work-to-protect-your-privacy-and-security	
Tuesday, 9 November 2021	Twitter smarter, Twitter harder with Twitter Blue	Product	Sara Beykpour	https://blog.twitter.com/en_us/topics/product/2021/twitter-smarter--twitter-harder-with-twitter-blue	
Monday, 1 November 2021	#COP26 is happening on Twitter	Company	X	https://blog.twitter.com/en_us/topics/company/2021/-cop26-is-happening-on-twitter	
Wednesday, 28 July 2021	Twitter Shopping: Testing the Shop Spotlight	Product	Bruce Falck	https://blog.twitter.com/en_us/topics/product/2021/twitter-shopping--testing-shoppable-profiles-on-twitter	
Wednesday, 21 July 2021	Twitter and the MRC: Brand Safety Accreditation Agreement	Product	Jonathan Lewis	https://blog.twitter.com/en_us/topics/product/2021/twitter-and-the-mrc--brand-safety-accreditation-agreement	
Wednesday, 21 July 2021	Enjoy top content and conversation from the Games on Twitter 	Events	Jay Bavishi	https://blog.twitter.com/en_us/topics/events/2020/enjoy-top-content-and-conversation-from-the-games-on-twitter-	
Thursday, 15 July 2021	Inclusion & Diversity Report July 2021: Cultivating Inclusion	Company	Dalana Brand	https://blog.twitter.com/en_us/topics/company/2021/inclusion-and-diversity-report-cultivating-inclusion-july-2021	
Wednesday, 14 July 2021	Goodbye, Fleets	Product	Ilya Brown	https://blog.twitter.com/en_us/topics/product/2021/goodbye-fleets	
Wednesday, 14 July 2021	An update to the Twitter Transparency Center	Company	X	https://blog.twitter.com/en_us/topics/company/2021/an-update-to-the-twitter-transparency-center	
Wednesday, 30 June 2021	Stronger security for your Twitter account	Product	Andy Sayler	https://blog.twitter.com/en_us/topics/product/2020/stronger-security-for-your-twitter-account	
Monday, 28 June 2021	Listening to the real voice of the customer on Twitter	Insights	Joe Rice	https://blog.twitter.com/en_us/topics/insights/2021/how-to-hear-the-real-voice-of-the-customer	
Wednesday, 23 June 2021	Digital Services Act: Defending the Open Internet	Company	Twitter Public Policy	https://blog.twitter.com/en_us/topics/company/2021/the-digital-services-act--defending-the-digital-single-market	
Monday, 21 June 2021	Twitter gaming and esports insights for the first half of 2021	Insights	Rishi Chadha	https://blog.twitter.com/en_us/topics/insights/2021/twitter-gaming-and-esports-insights-for-the-first-half-of-2021	
Tuesday, 15 June 2021	A new Arabic language setting, from غرّد to غرّدي 	Product	Carla El Maalouli	https://blog.twitter.com/en_us/topics/product/2021/a-new-arabic-language-setting	
Thursday, 3 June 2021	Introducing Twitter Blue - Twitter’s first-ever subscription offering 	Company	Sara Beykpour	https://blog.twitter.com/en_us/topics/company/2021/introducing-twitter-blue	
Thursday, 3 June 2021	Elevating credible climate change information this World Environment Day	Company	Seán Boyle	https://blog.twitter.com/en_us/topics/company/2021/elevating-credible-climate-change-information-this-world-environ	
Thursday, 20 May 2021	Relaunching verification and what’s next	Company	X	https://blog.twitter.com/en_us/topics/company/2021/relaunching-verification-and-whats-next	
Monday, 17 May 2021	How British Telecom is leveraging Twitter data	Insights	Joe Rice	https://blog.twitter.com/en_us/topics/insights/2021/how-british-telecom-is-leveraging-social-data-qa-with-british-telecom	
Thursday, 6 May 2021	Introducing Tips	Product	Esther Crawford	https://blog.twitter.com/en_us/topics/product/2021/introducing-tips	
Wednesday, 5 May 2021	Tweeting with consideration	Product	Anita Butler	https://blog.twitter.com/en_us/topics/product/2021/tweeting-with-consideration	
Tuesday, 4 May 2021	Introducing I Wish I Knew, a @TwitterResearch podcast	Company	Nikkia Reveillac	https://blog.twitter.com/en_us/topics/company/2021/i-wish-i-knew-podcast	
Tuesday, 4 May 2021	A better way to publish and read on Twitter	Company	Mike Park	https://blog.twitter.com/en_us/topics/company/2021/a-better-way-to-publish-and-read-on-twitter	
Monday, 3 May 2021	Making Spaces accessible	Company	Amber James	https://blog.twitter.com/en_us/topics/company/2021/making-spaces-accessible	
Monday, 3 May 2021	Spaces is here, let’s chat	Product	Twitter Spaces	https://blog.twitter.com/en_us/topics/product/2021/spaces-is-here	
Monday, 3 May 2021	Supporting local journalists on #WorldPressFreedomDay	Company	Twitter News	https://blog.twitter.com/en_us/topics/company/2021/wpfd-2021	
Wednesday, 14 April 2021	Introducing our Responsible Machine Learning Initiative  	Company	Jutta Williams	https://blog.twitter.com/en_us/topics/company/2021/introducing-responsible-machine-learning-initiative	
Monday, 12 April 2021	Establishing Twitter's presence in Africa	Company	Kayvon Beykpour	https://blog.twitter.com/en_us/topics/company/2021/establishing-twitter-s-presence-in-africa	
Saturday, 10 April 2021	5 alternative food trends to add to your plate	Insights	Leia Reid	https://blog.twitter.com/en_us/topics/insights/2021/5-alternative-food-trends-to-add-to-your-plate	
Wednesday, 7 April 2021	Introducing Twitter’s Global Impact Report	Company	X	https://blog.twitter.com/en_us/topics/company/2021/introducing-twitters-global-impact-report	
Wednesday, 31 March 2021	Survey fatigue is real, insight from Twitter can help	Insights	Joe Rice	https://blog.twitter.com/en_us/topics/insights/2021/survey-fatigue-is-real-insight-from-twitter-can-help	
Friday, 19 March 2021	An update on Twitter in Turkey	Company	Twitter Public Policy	https://blog.twitter.com/en_us/topics/company/2021/update-twitter-turkey	
Thursday, 18 March 2021	Calling for public input on our approach to world leaders	Company		https://blog.twitter.com/en_us/topics/company/2021/calling-for-public-input-on-our-approach-to-world-leaders	
Tuesday, 9 March 2021	Advancing our efforts to make Twitter a safer place for advertisers	Product	AJ Brown	https://blog.twitter.com/en_us/topics/product/2021/advancing-our-products-and-partnerships-to-make-twitter-a-safer-	
Monday, 1 March 2021	 Updates to our work on COVID-19 vaccine misinformation 	Company		https://blog.twitter.com/en_us/topics/company/2021/updates-to-our-work-on-covid-19-vaccine-misinformation	
Tuesday, 23 February 2021	Disclosing networks of state-linked information operations 	Company		https://blog.twitter.com/en_us/topics/company/2021/disclosing-networks-of-state-linked-information-operations-	
Wednesday, 17 February 2021	Allyship right now: #StandForAsians	Company	Marium R. Qureshi	https://blog.twitter.com/en_us/topics/company/2021/allyship-right-now-stand-for-asians	
Thursday, 11 February 2021	Expanding our work to identify state-affiliated accounts	Company	Twitter Support	https://blog.twitter.com/en_us/topics/company/2021/account-labels-phase2	
Tuesday, 9 February 2021	#SaferInternetDay 2021: Together for a better Internet	Company	Camino Rojo 	https://blog.twitter.com/en_us/topics/company/2021/saferinternetday2021togetherforabetterinternet	
Monday, 8 February 2021	Super Bowl LV on Twitter!	Events		https://blog.twitter.com/en_us/topics/events/2020/super-bowl-lv-on-twitter-	
Monday, 8 February 2021	Listen here SMBs, you can't afford not to	Insights	Joe Rice	https://blog.twitter.com/en_us/topics/insights/2021/listen-here-smbs--you-can-t-afford-not-to	
Thursday, 4 February 2021	#KpopTwitter achieves new record of 6.7 billion Tweets globally in 2020	Insights	YeonJeong Kim	https://blog.twitter.com/en_us/topics/insights/2021/kpoptwitter-achieves-new-record-of-6-billion-tweets-globally-in-2020	
Friday, 29 January 2021	Imperfect, by design	Company	Donna Lamar	https://blog.twitter.com/en_us/topics/company/2021/imperfect-by-design	
Tuesday, 26 January 2021	Making Twitter a better home for writers	Company	Kayvon Beykpour	https://blog.twitter.com/en_us/topics/company/2021/making-twitter-a-better-home-for-writers	
Monday, 25 January 2021	Introducing Birdwatch, a community-based approach to misinformation	Product	Keith Coleman	https://blog.twitter.com/en_us/topics/product/2021/introducing-birdwatch-a-community-based-approach-to-misinformation	
Thursday, 14 January 2021	What to expect on Twitter on US Inauguration Day 2021	Company		https://blog.twitter.com/en_us/topics/company/2021/inauguration-2021	
Tuesday, 12 January 2021	Coronavirus: Staying safe and informed on Twitter	Company	X	https://blog.twitter.com/en_us/topics/company/2020/covid-19	
Tuesday, 12 January 2021	An update following the riots in Washington, DC	Company	X Safety	https://blog.twitter.com/en_us/topics/company/2021/protecting--the-conversation-following-the-riots-in-washington--	
Monday, 11 January 2021	Insights from the 17th Twitter Transparency Report	Company	X	https://blog.twitter.com/en_us/topics/company/2020/ttr-17	
Monday, 11 January 2021	Over 2 Billion Gaming Tweets in 2020!	Insights		https://blog.twitter.com/en_us/topics/insights/2021/over-2-billion-gaming-tweets-in-2020-	
Friday, 8 January 2021	Permanent suspension of @realDonaldTrump	Company	X	https://blog.twitter.com/en_us/topics/company/2020/suspension	
Friday, 18 December 2020	Looking ahead to 2021: Twitter Data Partners weigh in	Insights		https://blog.twitter.com/en_us/topics/insights/2021/looking-ahead-to-2021-twitter-data-partners-weigh-in	
Thursday, 17 December 2020	Our plans to relaunch verification and what’s next	Company	X	https://blog.twitter.com/en_us/topics/company/2020/our-plans-to-relaunch-verification-and-whats-next	
Wednesday, 16 December 2020	COVID-19: Our approach to misleading vaccine information	Company		https://blog.twitter.com/en_us/topics/company/2020/covid19-vaccine	
Monday, 14 December 2020	Expanding our commitment to brand safety	Product	Jonathan Lewis	https://blog.twitter.com/en_us/topics/product/2020/expanding-our-commitment-to-brand-safety	
Thursday, 10 December 2020	Inclusion & Diversity Q4 2020: Leadership, transparency & accountability	Company		https://blog.twitter.com/en_us/topics/company/2020/inclusion-and-diversity-report-q4-2020-leadership-transparency-and-accountability	
Wednesday, 9 December 2020	Crossroads for the Open Internet	Company	Twitter Public Policy	https://blog.twitter.com/en_us/topics/company/2020/crossroads-for-the-open-internet	
Monday, 7 December 2020	Spending 2020 Together on Twitter	Insights	Tracy McGraw	https://blog.twitter.com/en_us/topics/insights/2020/spending-2020-together-on-twitter	
Monday, 7 December 2020	 The state of social intelligence: 2020 year in review	Insights	Joe Rice	https://blog.twitter.com/en_us/topics/insights/2020/the-state-of-social-intelligence-2020-year-in-review	
Thursday, 26 November 2020	Nation states exerting power online - sharing data can guard against it 	Company	Katy Minshall 	https://blog.twitter.com/en_us/topics/company/2020/nation-states-exerting-power-online-sharing-data-can-guard-again	
Tuesday, 24 November 2020	Our work to combat the ‘shadow pandemic’ 	Company	Twitter Public Policy	https://blog.twitter.com/en_us/topics/company/2020/our-work-to-combat-the-shadow-pandemic	
Tuesday, 24 November 2020	Help us shape our new approach to verification 	Company	X	https://blog.twitter.com/en_us/topics/company/2020/help-us-shape-our-new-approach-to-verification	
Friday, 20 November 2020	#TwitterForGood Day — Fall 2020 	Company	Karl Robillard	https://blog.twitter.com/en_us/topics/company/2020/twitterforgood-day-fall-2020	
Tuesday, 17 November 2020	Fleets: a new way to join the conversation	Product	Joshua Harris	https://blog.twitter.com/en_us/topics/product/2020/introducing-fleets-new-way-to-join-the-conversation	
Thursday, 12 November 2020	An update on our work around the 2020 US Elections	Company	Vijaya Gadde	https://blog.twitter.com/en_us/topics/company/2020/2020-election-update	
Wednesday, 11 November 2020	How it started, how it’s going: Performance advertising on Twitter	Product		https://blog.twitter.com/en_us/topics/product/2020/How-it-started-how-its-going-Performance-advertising-on-Twitter	
Friday, 30 October 2020	National Disability Employment Awareness Month 2020 with Twitter Able	Company	Justine De Caires	https://blog.twitter.com/en_us/topics/company/2020/national-disability-employment-awareness-month-2020	
Wednesday, 28 October 2020	Serving the public conversation during the 2020 New Zealand Election	Company	Kara Hinesley	https://blog.twitter.com/en_us/topics/company/2020/nz-election-2020-wrap-up	
Thursday, 22 October 2020	Hispanic Heritage Month 2020 recap	Company	Catalina Restrepo	https://blog.twitter.com/en_us/topics/company/2020/hispanic-heritage-month-2020-recap	
Thursday, 22 October 2020	How Twitter is helping people vote early	Company	Bridget Coyne	https://blog.twitter.com/en_us/topics/company/2020/vote-early	
Tuesday, 13 October 2020	The 2020 New Zealand election is happening on Twitter	Company	Kara Hinesley	https://blog.twitter.com/en_us/topics/company/2020/nz-election-2020	
Friday, 9 October 2020	Additional steps we're taking ahead of the 2020 US Election	Company	Vijaya Gadde	https://blog.twitter.com/en_us/topics/company/2020/2020-election-changes	
Thursday, 8 October 2020	Disclosing networks to our state-linked information operations archive	Company		https://blog.twitter.com/en_us/topics/company/2020/disclosing-removed-networks-to-our-archive-of-state-linked-information	
Thursday, 1 October 2020	Transparency around image cropping and changes to come 	Product	Parag Agrawal	https://blog.twitter.com/en_us/topics/product/2020/transparency-image-cropping	
Wednesday, 30 September 2020	Inclusion & Diversity Report September 2020: #BlackLivesMatter	Company		https://blog.twitter.com/en_us/topics/company/2020/inclusion-and-diversity-report-blacklivesmatter-september-2020	
Thursday, 24 September 2020	Our continued work to keep Twitter secure 	Company	Parag Agrawal	https://blog.twitter.com/en_us/topics/company/2020/our-continued-work-to-keep-twitter-secure	
Thursday, 24 September 2020	Celebrating the power of young people through #YouthLead	Company		https://blog.twitter.com/en_us/topics/company/2020/celebratingthepowerofyoungpeoplethroughyouthlead	
Tuesday, 22 September 2020	Empowering US voters on National Voter Registration Day	Company	Bridget Coyne	https://blog.twitter.com/en_us/topics/company/2020/empowering-US-voters	
Monday, 21 September 2020	Celebrating 10 years of #KpopTwitter	Insights	YeonJeong Kim	https://blog.twitter.com/en_us/topics/insights/2020/Celebrating10yearsofKpopTwitter	
Thursday, 17 September 2020	Improved account security during the 2020 US election	Company		https://blog.twitter.com/en_us/topics/company/2020/Improved-Account-Security-2020-US-Election	
Tuesday, 15 September 2020	Helping you find accurate US Election News and Information	Company	Bridget Coyne	https://blog.twitter.com/en_us/topics/company/2020/2020-election-news	
Thursday, 10 September 2020	Expanding our policies to further protect the civic conversation	Company		https://blog.twitter.com/en_us/topics/company/2020/civic-integrity-policy-update	
Wednesday, 9 September 2020	Amplifying #SuicidePrevention resources on Twitter	Company	Monique Meche	https://blog.twitter.com/en_us/topics/company/2020/amplifying-suicideprevention-resources-on-twitter	
Wednesday, 2 September 2020	Making Twitter more accessible	Company		https://blog.twitter.com/en_us/topics/company/2020/making-twitter-more-accessible	
Tuesday, 1 September 2020	Building a real-time golf leaderboard	Insights	John Demos	https://blog.twitter.com/en_us/topics/insights/2020/building-a-real-time-golf-leaderboard	
Tuesday, 1 September 2020	Adding more context to Trends	Product	Liz Lee	https://blog.twitter.com/en_us/topics/product/2020/adding-more-context-to-trends	
Monday, 31 August 2020	How LikeFolio Gains Financial Insights for Investors with Twitter Data	Insights	Sushil Trivedi	https://blog.twitter.com/en_us/topics/insights/2020/how-likefolio-gains-unique-financial-insights-for-investors-with-twitter	
Wednesday, 19 August 2020	Introducing the new Twitter Transparency Center	Company	X	https://blog.twitter.com/en_us/topics/company/2020/new-transparency-center	
Wednesday, 19 August 2020	Supporting policy change and service reform through Twitter data	Insights	Joe Rice	https://blog.twitter.com/en_us/topics/insights/2020/Supporting-policy-change-and-service-reform-through-Twitter-data	
Thursday, 13 August 2020	Embracing modern customer care without upsetting your CFO	Insights	Jen Brown	https://blog.twitter.com/en_us/topics/insights/2020/embracing-modern-customer-care-without-upsetting-your-cfo	
Tuesday, 11 August 2020	New conversation settings, coming to a Tweet near you	Product	Suzanne Xie	https://blog.twitter.com/en_us/topics/product/2020/new-conversation-settings-coming-to-a-tweet-near-you	
Thursday, 6 August 2020	New labels for government and state-affiliated media accounts	Product		https://blog.twitter.com/en_us/topics/product/2020/new-labels-for-government-and-state-affiliated-media-accounts	
Wednesday, 5 August 2020	Twitter insights on gaming and esports for the first half of 2020	Insights	Rishi Chadha	https://blog.twitter.com/en_us/topics/insights/2020/gaming_esports_twitter_insights_first_half_2020	
Saturday, 18 July 2020	An update on our security incident	Company	X	https://blog.twitter.com/en_us/topics/company/2020/an-update-on-our-security-incident	
Wednesday, 24 June 2020	Using data from the conversation on Twitter to help detect wildfires	Insights	Jim Moffitt 	https://blog.twitter.com/en_us/topics/insights/2020/data-from-the-conversation-on-twitter-to-help-detect-wildfires	
Tuesday, 23 June 2020	Lockdown 2020 - what social data can tell us about what’s next	Insights	Joe Rice	https://blog.twitter.com/en_us/topics/insights/2020/lockdown-2020-what-social-data-can-tell-us-about-what-s-next	
Wednesday, 17 June 2020	Your Tweet, your voice 	Product	Maya Patterson	https://blog.twitter.com/en_us/topics/product/2020/your-tweet-your-voice	
Monday, 15 June 2020	Talking #MentalHealthAwareness on Twitter with our global partners 	Company	Twitter Public Policy	https://blog.twitter.com/en_us/topics/company/2020/talking-mental-health-awareness-on-twitter	
Friday, 12 June 2020	Disclosing networks of state-linked information operations we’ve removed	Company		https://blog.twitter.com/en_us/topics/company/2020/information-operations-june-2020	
Thursday, 4 June 2020	Allyship right now: #BlackLivesMatter	Company	Marium R. Qureshi	https://blog.twitter.com/en_us/topics/company/2020/allyship-right-now-black-lives-matter	
Wednesday, 27 May 2020	Inclusion & Diversity Report May 2020: Principles during a pandemic	Company		https://blog.twitter.com/en_us/topics/company/2020/inclusion-and-diversity-report-may-2020	
Tuesday, 26 May 2020	#KeepItOn: Making your voice heard to end Internet shutdowns 	Company	Monique Meche	https://blog.twitter.com/en_us/topics/company/2020/keep-it-on-making-your-voice-heard-to-end-internet-shutdowns	
Wednesday, 20 May 2020	Testing, testing ... new conversation settings	Product	Suzanne Xie	https://blog.twitter.com/en_us/topics/product/2020/testing-new-conversation-settings	
Monday, 18 May 2020	Bot or not? The facts about platform manipulation on Twitter	Company	Yoel Roth	https://blog.twitter.com/en_us/topics/company/2020/bot-or-not	
Thursday, 14 May 2020	Why social data is key for brands in COVID-19	Insights	Kim Wu	https://blog.twitter.com/en_us/topics/insights/2020/why-social-data-is-key-for-brands-in-COVID-19	
Tuesday, 12 May 2020	Keeping our employees and partners safe during #coronavirus	Company	Jennifer Christie	https://blog.twitter.com/en_us/topics/company/2020/keeping-our-employees-and-partners-safe-during-coronavirus	
Monday, 11 May 2020	#TwitterForGood Day goes remote	Company		https://blog.twitter.com/en_us/topics/company/2020/twitter-for-good-2020	
Monday, 11 May 2020	Updating our approach to misleading information	Product	Yoel Roth	https://blog.twitter.com/en_us/topics/product/2020/updating-our-approach-to-misleading-information	
Monday, 27 April 2020	Serving the public conversation during #KoreanElection2020 amid COVID-19	Company	Chenie Yoon	https://blog.twitter.com/en_us/topics/company/2020/korean-election-2020	
Wednesday, 22 April 2020	Commemorating the 50th Earth Day	Company		https://blog.twitter.com/en_us/topics/company/2020/earth-day-2020	
Tuesday, 24 March 2020	Protecting and supporting journalists during COVID-19	Company	Vijaya Gadde	https://blog.twitter.com/en_us/topics/company/2020/giving-back-covid-19	
Wednesday, 18 March 2020	The journey to social intelligence	Insights	Joe Rice	https://blog.twitter.com/en_us/topics/insights/2020/the-journey-to-social-intelligence0	
Monday, 16 March 2020	An update on our continuity strategy during COVID-19	Company	Vijaya Gadde	https://blog.twitter.com/en_us/topics/company/2020/An-update-on-our-continuity-strategy-during-COVID-19	
Wednesday, 11 March 2020	Brand communications in time of crisis	Company	Alex Josephson	https://blog.twitter.com/en_us/topics/company/2020/Brand-communications-in-time-of-crisis	
Wednesday, 11 March 2020	Inclusion & Diversity Report March 2020	Company		https://blog.twitter.com/en_us/topics/company/2020/Inclusion-and-Diversity-Report-March-2020	
Wednesday, 11 March 2020	Our #DataForGood partnership with New Zealand's NCPACS	Company	Kara Hinesley	https://blog.twitter.com/en_us/topics/company/2020/christchurch-otago-nspacs	
Monday, 9 March 2020	Five powerful women in data MarTech	Insights	Kim Wu	https://blog.twitter.com/en_us/topics/insights/2020/five-powerful-women-in-data-martech	
Wednesday, 4 March 2020	Stepping up our work to protect the public conversation around Covid-19	Company	Twitter Public Policy	https://blog.twitter.com/en_us/topics/company/2020/stepping-up-our-work-to-protect-the-public-conversation-around-covid-19	
Friday, 14 February 2020	Why business IQ is not enough in the era of the relationship economy	Insights	Joe Rice	https://blog.twitter.com/en_us/topics/insights/2020/why-business-iq-is-not-enough-in-the-era-of-the-relationship-economy	
Tuesday, 11 February 2020	US Census search prompt launch & efforts to support Census conversations	Company	Kevin Kane	https://blog.twitter.com/en_us/topics/company/2020/us-census-search-prompt	
Tuesday, 11 February 2020	#SaferInternetDay 2020: Creating a better internet for all	Events	Katy Minshall 	https://blog.twitter.com/en_us/topics/events/2020/safer-internet-day-2020-creating-a-better-internet-for-all	
Monday, 10 February 2020	Looking ahead in 2020: Twitter Data Partners weigh in	Insights		https://blog.twitter.com/en_us/topics/insights/2020/looking-ahead-to-2020-twitter-data-partners-weigh-in	
Tuesday, 4 February 2020	Building rules in public: Our approach to synthetic & manipulated media	Company	Yoel Roth	https://blog.twitter.com/en_us/topics/company/2020/new-approach-to-synthetic-and-manipulated-media	
Monday, 3 February 2020	How the @Chiefs #SuperBowl victory played out on Twitter	Events	TJ Adeshola	https://blog.twitter.com/en_us/topics/events/2020/How-the-Chiefs-SuperBowl-victory-played-out-on-Twitter	
Thursday, 30 January 2020	Topics: Behind the Tweets 	Product	Savannah Badalich	https://blog.twitter.com/en_us/topics/product/2020/topics-behind-the-tweets	
Wednesday, 29 January 2020	Helping the world find credible information about novel #coronavirus	Company	Jun Chu	https://blog.twitter.com/en_us/topics/company/2020/authoritative-information-about-novel-coronavirus	
Friday, 17 January 2020	#KpopTwitter rises to the top with 6.1 billion global Tweets in 2019	Events	YeonJeong Kim	https://blog.twitter.com/en_us/topics/events/2020/KpopTwitter-rises-to-the-top-with-6-1-billion-global-tweets-in-2019	
Wednesday, 8 January 2020	Is 2020 the year of prediction?	Insights	Joe Rice	https://blog.twitter.com/en_us/topics/insights/2020/is-2020-the-year-of-prediction	
Tuesday, 7 January 2020	2019 Gaming on Twitter	Events	Rishi Chadha	https://blog.twitter.com/en_us/topics/events/2019/2019-gaming-on-twitter	
Monday, 6 January 2020	Twitter announces Promoted Trend Spotlight goes global	Product	Austin Evers	https://blog.twitter.com/en_us/topics/product/2020/twitter-announces-promoted-trend-spotlight-goes-global	
Monday, 6 January 2020	An update of our work around #Taiwan2020	Company	X	https://blog.twitter.com/en_us/topics/company/2020/An-update-of-our-work-around-Taiwan2020	
Friday, 20 December 2019	 New disclosures to our archive of state-backed information operations	Company		https://blog.twitter.com/en_us/topics/company/2019/new-disclosures-to-our-archive-of-state-backed-information-operations	
Tuesday, 17 December 2019	The state of social intelligence: 2019 year in review	Insights	Joe Rice	https://blog.twitter.com/en_us/topics/insights/2019/the-state-of-social-intelligence-2019-year-in-review	
Tuesday, 17 December 2019	Inclusion & Diversity Report December 2019	Company		https://blog.twitter.com/en_us/topics/company/2019/inclusion-and-diversity-report-december-2019	
Friday, 13 December 2019	The top 10 brands that make people happier on Twitter	Insights	Rachel Alvarez	https://blog.twitter.com/en_us/topics/insights/2019/the-top-10-brands-that-make-people-happier-on-twitter	
Friday, 13 December 2019	Strengthening our Trust and Safety Council	Company		https://blog.twitter.com/en_us/topics/company/2019/strengthening-our-trust-and-safety-council	
Thursday, 12 December 2019	Helping identify 2020 US election candidates on Twitter	Company	Bridget Coyne	https://blog.twitter.com/en_us/topics/company/2019/helping-identify-2020-us-election-candidates-on-twitter	
Monday, 9 December 2019	#ThisHappened in 2019	Insights	Elaine Filadelfo	https://blog.twitter.com/en_us/topics/insights/2019/ThisHappened-in-2019	
Thursday, 5 December 2019	Giving a helping hand to communities on #TwitterForGood Day - Fall 2019	Events	Colin Crowell 	https://blog.twitter.com/en_us/topics/events/2019/giving-a-helping-hand-to-communities-on-twitter-for-good-day-fall-2019	
Wednesday, 4 December 2019	The path to innovation starts with the customer	Insights	Joe Rice	https://blog.twitter.com/en_us/topics/insights/2019/the-path-to-innovation-starts-with-the-customer	
Tuesday, 3 December 2019	Measure your launch and connect campaigns using Twitter Brand Surveys	Product	Dianne Francisco 	https://blog.twitter.com/en_us/topics/product/2019/Measure-your-launch-and-connect-campaigns-using-Twitter-Brand-Surveys	
Monday, 2 December 2019	What we have been doing to protect your privacy and data	Company	Damien Kieran 	https://blog.twitter.com/en_us/topics/company/2019/privacy_data_protection	
Thursday, 21 November 2019	More control over your conversations: now available globally	Product	Suzanne Xie	https://blog.twitter.com/en_us/topics/product/2019/more-control-over-your-conversations-globally	
Monday, 11 November 2019	Help us shape our approach to synthetic and manipulated media	Company		https://blog.twitter.com/en_us/topics/company/2019/synthetic_manipulated_media_policy_feedback	
Monday, 11 November 2019	Introducing Topics	Product	X	https://blog.twitter.com/en_us/topics/product/2019/introducing-topics	
Wednesday, 6 November 2019	But, how do you really feel?	Insights	Joe Rice	https://blog.twitter.com/en_us/topics/insights/2019/but-how-do-you-really-feel	
Monday, 4 November 2019	18 trends that highlight fundamental shifts in culture	Insights		https://blog.twitter.com/en_us/topics/insights/2019/18-trends-that-highlight-fundamental-shifts-in-culture	
Thursday, 31 October 2019	15th Transparency Report: Increase in proactive enforcement on accounts 	Company	X	https://blog.twitter.com/en_us/topics/company/2019/twitter-transparency-report-2019	
Wednesday, 30 October 2019	#GameofThrones phenomena	Insights	Kellan Terry	https://blog.twitter.com/en_us/topics/insights/2019/game-of-thrones-phenomenons	
Wednesday, 30 October 2019	Social customer service: the three stages of maturity	Insights	Joe Rice	https://blog.twitter.com/en_us/topics/insights/2019/social-customer-service-the-three-stages-of-maturity	
Thursday, 24 October 2019	Twitter builds partnership with UNESCO on media and information literacy	Company	Ronan Costello	https://blog.twitter.com/en_us/topics/company/2019/twitter-launches-new-media-literacy-handbook-for-schools	
Wednesday, 23 October 2019	When it comes to digital transformation, start with the customer	Insights	Joe Rice	https://blog.twitter.com/en_us/topics/insights/2019/when-it-comes-to-digital-transformation-start-with-the-customer	
Friday, 18 October 2019	Guest post: Five ways brands build connections on social	Insights	Rachael Samuels	https://blog.twitter.com/en_us/topics/insights/2019/guest-post-five-ways-brands-build-connections-on-social	
Tuesday, 15 October 2019	World Leaders on Twitter: principles & approach	Company	X	https://blog.twitter.com/en_us/topics/company/2019/worldleaders2019	
Friday, 11 October 2019	Return of the (Twitter for) Mac	Product		https://blog.twitter.com/en_us/topics/product/2019/returnoftwitterformac	
Wednesday, 9 October 2019	What marketing gets that Customer Experience (CX) doesn’t	Insights	Joe Rice	https://blog.twitter.com/en_us/topics/insights/2019/what-marketing-gets-that-customer-experience-cx-doesnt	
Wednesday, 25 September 2019	Your customers are talking. Are you listening?	Insights	Joe Rice	https://blog.twitter.com/en_us/topics/insights/2019/customers-are-talking-are-you-listening-twitter-blog	
Monday, 23 September 2019	Your social customer service vendor checklist	Insights	Joe Rice	https://blog.twitter.com/en_us/topics/insights/2019/social-customer-service-vendor-checklist-twitter-blog	
Monday, 23 September 2019	Twitter Next, driving brands to create ideas worth talking about	Product	Alex Josephson	https://blog.twitter.com/en_us/topics/product/2019/Twitter-next	
Friday, 20 September 2019	Disclosing new data to our archive of information operations	Company		https://blog.twitter.com/en_us/topics/company/2019/info-ops-disclosure-data-september-2019	
Friday, 20 September 2019	#LostTweets with Steve Aoki: Talking Hair, BTS, and Social Listening	Insights	Kenny Lee	https://blog.twitter.com/en_us/topics/insights/2019/steve-aoki-hair-bts-cake-throwing-social-listening-twitter-blog	
Thursday, 19 September 2019	More control over your conversations: now available in Japan and the US!	Product	X	https://blog.twitter.com/en_us/topics/product/2019/controlexpansion	
Wednesday, 18 September 2019	UNICEF and BTS work to #ENDviolence on UN International #FriendshipDay	Company	Michele Austin 	https://blog.twitter.com/en_us/topics/company/2019/unicef-bts-friendshipday0	
Wednesday, 18 September 2019	Inclusion & Diversity Report September 2019	Company		https://blog.twitter.com/en_us/topics/company/2019/inclusion-and-diversity-report-september-2019	
Tuesday, 10 September 2019	3 things to consider when vetting social listening tools	Insights	Joe Rice	https://blog.twitter.com/en_us/topics/insights/2019/twitter-blog-vetting-social-listening-tools	
Monday, 19 August 2019	Updating our advertising policies on state media	Company	X	https://blog.twitter.com/en_us/topics/company/2019/advertising_policies_on_state_media	
Monday, 19 August 2019	Long story, short: 6-second video bidding is now available	Product		https://blog.twitter.com/en_us/topics/product/2019/Long-story-short-6-second-video-bidding-is-now-available	
Monday, 19 August 2019	Information operations directed at Hong Kong	Company		https://blog.twitter.com/en_us/topics/company/2019/information_operations_directed_at_Hong_Kong	
Monday, 5 August 2019	Guest Post: Emily Drewry discusses Forbes’ data-driven Twitter strategy	Insights	Rachel Alvarez	https://blog.twitter.com/en_us/topics/insights/2019/guest-post-forbes-data-driven-twitter-strategy	
Friday, 19 July 2019	Are marketers missing customer signals on social?	Insights	Kenny Lee	https://blog.twitter.com/en_us/topics/insights/2019/are-marketers-missing-customer-signals	
Tuesday, 16 July 2019	Twitter reveals first ever Women’s World Cup #GoldenTweet award winners	Events	Twitter Sports	https://blog.twitter.com/en_us/topics/events/2019/Twitter-Reveals-First-Ever-Womens-WorldCup-GoldenTweet-Award-Winners	
Monday, 15 July 2019	Introducing a new Twitter.com	Product		https://blog.twitter.com/en_us/topics/product/2019/introducing-a-new-Twitter-dot-com	
Thursday, 11 July 2019	Giving you more control over your conversations	Product	Michelle Yasmeen Haq	https://blog.twitter.com/en_us/topics/product/2019/morecontrolofconversation	
Wednesday, 10 July 2019	Guest post: Taking the high road: The power of purpose-driven stances 	Insights	Lizz Kannenberg	https://blog.twitter.com/en_us/topics/insights/2019/the-power-of-purpose-driven-stances	
Wednesday, 10 July 2019	Introducing the Twitter Engineering Apprenticeship Program	Company		https://blog.twitter.com/en_us/topics/company/2019/engapprenticeshipprogram	
Wednesday, 10 July 2019	Introducing Twitter ArtHouse, helping brands create and optimize content	Product	Stacy Minero	https://blog.twitter.com/en_us/topics/product/2019/Introducing-Twitter-ArtHouse	
Tuesday, 9 July 2019	The secret language of fans	Insights	Kim Wu	https://blog.twitter.com/en_us/topics/insights/2019/the-secret-language-of-fans	
Tuesday, 9 July 2019	Guest post: #panteneOppa: Learning from Steve Aoki's viral moment 	Insights	Rachel Alvarez	https://blog.twitter.com/en_us/topics/insights/2019/steve-aoki-panteneoppa-explained	
Tuesday, 9 July 2019	The crowning of the #PanteneOppa	Insights		https://blog.twitter.com/en_us/topics/insights/2019/panteneoppa-explanation-video	
Tuesday, 9 July 2019	Updating our rules against hateful conduct	Company	X Safety	https://blog.twitter.com/en_us/topics/company/2019/hatefulconductupdate	
Monday, 8 July 2019	How Twitter bridges the gap between brands and their audiences	Insights	Kim Wu	https://blog.twitter.com/en_us/topics/insights/2019/startwiththem	
Monday, 8 July 2019	Insights into the 2019 #FIFAWWC conversation on Twitter	Events	Twitter Sports	https://blog.twitter.com/en_us/topics/events/2019/insights-into-the-2019-fifawwc-conversation-on-twitter	
Monday, 1 July 2019	Our partnership with UNHCR to launch #KnitForRefugees	Company		https://blog.twitter.com/en_us/topics/company/2019/our-partnership-with-unhcr	
Thursday, 27 June 2019	Defining public interest on Twitter	Company		https://blog.twitter.com/en_us/topics/company/2019/publicinterest	
Wednesday, 26 June 2019	What to expect from Twitter ahead of the first #DemDebate	Events	Carlos Monje Jr. 	https://blog.twitter.com/en_us/topics/events/2019/what-to-expect-from-twitter-aheadoffirst-demdebate	
Tuesday, 18 June 2019	How #E32019 played out on Twitter	Events	Rishi Chadha	https://blog.twitter.com/en_us/topics/events/2019/how-e3-played-out-on-twitter	
Friday, 14 June 2019	Guest Post: Q&A on social listening with Sprout Social CMO, Jamie Gilpin	Insights	Jamie Gilpin	https://blog.twitter.com/en_us/topics/insights/2019/sproutsocial	
Thursday, 13 June 2019	Information operations on Twitter: principles, process, and disclosure	Company	Yoel Roth	https://blog.twitter.com/en_us/topics/company/2019/information-ops-on-twitter	
Friday, 7 June 2019	The Twitter NeighborNest turns four	Company		https://blog.twitter.com/en_us/topics/company/2019/neighbornestturnsfour	
Friday, 7 June 2019	Making our rules easier to understand	Company	Del Harvey	https://blog.twitter.com/en_us/topics/company/2019/rules-refresh	
Wednesday, 5 June 2019	Introducing the #GoldenTweet Awards & the ways to follow the #FIFAWWC	Events	Twitter Sports	https://blog.twitter.com/en_us/topics/events/2019/Introducing-the-GoldenTweet-Awards-All-The-Ways-To-Follow-the-FIFAWW	
Tuesday, 4 June 2019	Inclusion & Diversity Report May 2019	Company		https://blog.twitter.com/en_us/topics/company/2019/Board-Update-Inclusion-Diversity-Report-May2019	
Monday, 3 June 2019	Our spring 2019 Twitter For Good Day	Company	Colin Crowell 	https://blog.twitter.com/en_us/topics/company/2019/spring19twitterforgoodday	
Monday, 3 June 2019	Twitter acquires Fabula AI to strengthen its machine learning expertise 	Company	Parag Agrawal	https://blog.twitter.com/en_us/topics/company/2019/Twitter-acquires-Fabula-AI	
Friday, 31 May 2019	6.2m Tweets on EU elections as voters turn to Twitter for conversation	Company	Karen White	https://blog.twitter.com/en_us/topics/company/2019/voters_turn_to_twitter_for_eu_elections	
Wednesday, 29 May 2019	Go live with guests!	Product	X	https://blog.twitter.com/en_us/topics/product/2019/Go-live-with-guests	
Wednesday, 15 May 2019	Addressing the abuse of tech to spread terrorist and extremist content	Company		https://blog.twitter.com/en_us/topics/company/2019/addressing-the-abuse-of-tech-to-spread-terrorist-and-extremist-c	
Friday, 10 May 2019	Helping you find reliable public health information on Twitter	Company	Del Harvey	https://blog.twitter.com/en_us/topics/company/2019/helping-you-find-reliable-public-health-information-on-twitter	
Thursday, 9 May 2019	Key data and insights from our 14th Twitter Transparency Report	Company	Vijaya Gadde	https://blog.twitter.com/en_us/topics/company/2019/key-data-and-insights-from-our-14th-twitter-transparency-report	
Sunday, 5 May 2019	#Ramadan 2019 on Twitter	Events	George Salama	https://blog.twitter.com/en_us/topics/events/2019/-ramadan-2019-on-twitter	
Wednesday, 24 April 2019	Strengthening our approach to deliberate attempts to mislead voters	Company		https://blog.twitter.com/en_us/topics/company/2019/strengthening-our-approach-to-deliberate-attempts-to-mislead-vot	
Tuesday, 23 April 2019	Leveraging the power of Twitter to combat the opioid crisis	Company	Lauren Culbertson	https://blog.twitter.com/en_us/topics/company/2019/leveraging-the-power-of-twitter-to-combat-the-opioid-crisis	
Monday, 22 April 2019	Taking steps toward sustainability this Earth Day	Company	Colin Crowell 	https://blog.twitter.com/en_us/topics/company/2019/taking-steps-toward-sustainability-this-earth-day	
Tuesday, 16 April 2019	A healthier Twitter: Progress and more to do	Company		https://blog.twitter.com/en_us/topics/company/2019/health-update	
Monday, 15 April 2019	A Healthier Twitter: One Year In	Company		https://blog.twitter.com/en_us/topics/company/2018/healthupdate	
Wednesday, 10 April 2019	Guest post: The 5-minute guide to mastering audiences on Twitter	Insights	Nick Taylor	https://blog.twitter.com/en_us/topics/insights/2019/guest-post-the-5-minute-guide-to-mastering-audiences-on-twitter	
Wednesday, 27 March 2019	Take the field with @MLB on Twitter in 2019	Events		https://blog.twitter.com/en_us/topics/events/2019/Take-the-field-with-MLB-on-Twitter-in-2019	
Wednesday, 20 March 2019	Celebrating #EUMediaLiteracyWeek	Company	Ronan Costello	https://blog.twitter.com/en_us/topics/company/2019/CelebratingEUMediaLiteracyWeek	
Thursday, 14 March 2019	Our 2018 Inclusion and Diversity Report	Company	X	https://blog.twitter.com/en_us/topics/company/2019/ianddreport	
Tuesday, 19 February 2019	Expanding transparency around political ads on Twitter	Company	X	https://blog.twitter.com/en_us/topics/company/2019/transparency-political-ads	
Tuesday, 19 February 2019	The world’s window into the European election conversation	Company		https://blog.twitter.com/en_us/topics/company/2019/world-window-EU-election-conversation	
Tuesday, 5 February 2019	Working together for a safer Internet	Company	Ronan Costello	https://blog.twitter.com/en_us/topics/company/2019/SaferInternetDay2019	
Sunday, 3 February 2019	How the @Patriots #SuperBowl victory unfolded on Twitter	Events		https://blog.twitter.com/en_us/topics/events/2019/How-the-Patriots-Super-Bowl-victory-unfolded-on-Twitter	
Thursday, 31 January 2019	2018 US midterm elections review	Company	Carlos Monje Jr. 	https://blog.twitter.com/en_us/topics/company/2019/18_midterm_review	
Thursday, 31 January 2019	Empowering further research of potential information operations	Company	Yoel Roth	https://blog.twitter.com/en_us/topics/company/2019/further_research_information_operations	
Tuesday, 29 January 2019	Partnering with researchers at UC Berkeley to improve the use of ML	Company	Naz Erkan	https://blog.twitter.com/en_us/topics/company/2019/ucberkeley-twitter-ml	
Tuesday, 29 January 2019	Kicking off #SuperBowl week on Twitter	Events		https://blog.twitter.com/en_us/topics/events/2019/Kicking-off-SuperBowl-week-on-Twitter	
Thursday, 24 January 2019	Guest post: Why we must remember the Holocaust	Events		https://blog.twitter.com/en_us/topics/events/2019/we_remember	
Tuesday, 22 January 2019	Gaming grabs the high score on Twitter	Events		https://blog.twitter.com/en_us/topics/events/2019/Gaming-grabs-the-high-score-on-Twitter	
Wednesday, 12 December 2018	Evolving our Twitter Transparency Report: expanded data and insights	Company		https://blog.twitter.com/en_us/topics/company/2018/evolving-our-twitter-transparency-report	
Wednesday, 12 December 2018	#TwitterForGood Day, Fall 2018	Events	London Lee	https://blog.twitter.com/en_us/topics/events/2018/tfgdayfall2018	
Thursday, 8 November 2018	Defining what makes Twitter’s audience unique	Insights	Cartier Stennis	https://blog.twitter.com/en_us/topics/insights/2018/defining-what-makes-twitters-audience-unique	
Thursday, 1 November 2018	Five days until #ElectionDay 2018	Company	Bridget Coyne	https://blog.twitter.com/en_us/topics/company/2018/five-days-until-electionday-2018	
Wednesday, 24 October 2018	Improving health during Global Media and Information Literacy Week 2018	Company	Karen White	https://blog.twitter.com/en_us/topics/company/2018/Global-MIL-Week-2018	
Wednesday, 17 October 2018	More clarity on reported Tweets and enforcement	Product	David Gasca	https://blog.twitter.com/en_us/topics/product/2018/more-clarity-on-reported-tweets-and-enforcement	
Wednesday, 17 October 2018	Enabling further research of information operations on Twitter	Company	Vijaya Gadde	https://blog.twitter.com/en_us/topics/company/2018/enabling-further-research-of-information-operations-on-twitter	
Tuesday, 16 October 2018	The 2018-19 @NBA season is happening on Twitter	Events		https://blog.twitter.com/en_us/topics/events/2018/The-2018-19-NBA-season-is-Happening-on-Twitter	
Monday, 15 October 2018	Announcing the 2018 #Promote Innovation Challenge finalists and winner	Events	Jillian Blazejewski	https://blog.twitter.com/en_us/topics/events/2018/announcing-the-2018-promote-innovation-challenge-finalists-and-winner	
Monday, 1 October 2018	Unlocking global revenue through In-Stream Video Ads	Product	Mike Park	https://blog.twitter.com/en_us/topics/product/2018/unlocking-global-revenue-through-In-stream-video-ads	
Monday, 1 October 2018	An update on our elections integrity work	Company	Del Harvey	https://blog.twitter.com/en_us/topics/company/2018/an-update-on-our-elections-integrity-work	
Tuesday, 25 September 2018	Creating new policies together	Company	Vijaya Gadde	https://blog.twitter.com/en_us/topics/company/2018/Creating-new-policies-together	
Monday, 24 September 2018	#BeAVoter this US election	Company	Bridget Coyne	https://blog.twitter.com/en_us/topics/company/2018/be-a-voter-2018	
Monday, 10 September 2018	Working together to prevent suicide	Company		https://blog.twitter.com/en_us/topics/company/2018/wspd2018	
Thursday, 30 August 2018	US issue ads policy: What this means for advertisers	Product	Bruce Falck	https://blog.twitter.com/en_us/topics/product/2018/US-issue-ads-policy-What-this-means-for-advertisers	
Thursday, 30 August 2018	Announcing new US issue ads policy	Company	Del Harvey	https://blog.twitter.com/en_us/topics/company/2018/Announcing-new-US-issue-ads-policy	
Thursday, 16 August 2018	Investing in the best Twitter experience for you	Product	Rob Johnson	https://blog.twitter.com/en_us/topics/product/2018/investing-in-the-best-twitter-experience-for-you	
Monday, 13 August 2018	Twitter Lite in the Google Play Store: now available in 45+ countries	Company	Jesar Shah	https://blog.twitter.com/en_us/topics/company/2018/twitterlitenewcountries	
Tuesday, 7 August 2018	The Twitter Rules: a living document	Company	Del Harvey	https://blog.twitter.com/en_us/topics/company/2018/TheTwitterRulesALivingDocument	
Monday, 30 July 2018	Measuring healthy conversation	Company	Vijaya Gadde	https://blog.twitter.com/en_us/topics/company/2018/measuring_healthy_conversation	
Friday, 27 July 2018	Safer conversation for live video 	Company		https://blog.twitter.com/en_us/topics/company/2018/Safer-conversation-for-live-video	
Thursday, 26 July 2018	 Setting the record straight on shadow banning	Company	Vijaya Gadde	https://blog.twitter.com/en_us/topics/company/2018/Setting-the-record-straight-on-shadow-banning	
Friday, 20 July 2018	Putting people first on data portability	Company	Damien Kieran 	https://blog.twitter.com/en_us/topics/company/2018/putting-people-first-on-data-portability	
Thursday, 19 July 2018	Announcing the 2018 #Promote Innovation Challenge	Events	Jillian Blazejewski	https://blog.twitter.com/en_us/topics/events/2018/announcing-the-2018-promote-innovation-challenge	
Tuesday, 17 July 2018	Insights into the 2018 #WorldCup conversation on Twitter	Events	Jay Bavishi	https://blog.twitter.com/en_us/topics/events/2018/2018-World-Cup-Insights	
Wednesday, 11 July 2018	Confidence in follower counts	Company	Vijaya Gadde	https://blog.twitter.com/en_us/topics/company/2018/Confidence-in-Follower-Counts	
Thursday, 28 June 2018	Providing more transparency around advertising on Twitter	Company	Bruce Falck	https://blog.twitter.com/en_us/topics/company/2018/Providing-More-Transparency-Around-Advertising-on-Twitter	
Thursday, 28 June 2018	The World Cup group stage Twitter recap	Events	Jay Bavishi	https://blog.twitter.com/en_us/topics/events/2018/The-World-Cup-group-stage-Twitter-recap	
Tuesday, 26 June 2018	How Twitter is fighting spam and malicious automation	Company	Yoel Roth	https://blog.twitter.com/en_us/topics/company/2018/how-twitter-is-fighting-spam-and-malicious-automation	
Thursday, 21 June 2018	Continuing our commitment to health	Company		https://blog.twitter.com/en_us/topics/company/2018/CommitmentToHealth	
Thursday, 21 June 2018	The power of creators on Twitter	Insights	Tyler Vaught	https://blog.twitter.com/en_us/topics/insights/2018/The-Power-of-Creators-on-Twitter	
Wednesday, 20 June 2018	#Transparency update: Twitter shares more national security letters	Company	Angela Sherrer	https://blog.twitter.com/en_us/topics/company/2018/transparencyupdatejune2018	
Wednesday, 20 June 2018	Wrapping up #E3 on Twitter	Events		https://blog.twitter.com/en_us/topics/events/2018/Wrapping-up-E3-on-Twitter	
Sunday, 17 June 2018	#Ramadan 2018 happened on Twitter	Events		https://blog.twitter.com/en_us/topics/events/2018/Ramadan-2018-happened-on-Twitter	
Thursday, 14 June 2018	Twitter Media: A new home for publishers on Twitter	Product	Kay Madati	https://blog.twitter.com/en_us/topics/product/2018/twitter-media-a-new-home-for-publishers-on-twitter	
Wednesday, 13 June 2018	 See what’s happening!	Product	Keith Coleman	https://blog.twitter.com/en_us/topics/product/2018/see_whats_happening	
Wednesday, 13 June 2018	The 2018 #WorldCup is happening on Twitter	Events	Jay Bavishi	https://blog.twitter.com/en_us/topics/events/2018/The-2018-WorldCup-is-happening-on-Twitter	
Tuesday, 12 June 2018	Expanding In-Stream Video Ads to more advertisers globally	Product	Mike Park	https://blog.twitter.com/en_us/topics/product/2018/expanding-in-stream-video-ads-to-more-advertisers-globally	
Friday, 8 June 2018	Back-to-back: How the @warriors #NBAFinals run happened on Twitter	Events		https://blog.twitter.com/en_us/topics/events/2018/Back-to-back-How-the-warriors-NBAFinals-run-happened-on-Twitter	
Tuesday, 5 June 2018	Follow the #WorldCup on Twitter	Events	Jay Bavishi	https://blog.twitter.com/en_us/topics/events/2018/Follow-the-WorldCup-on-Twitter	
Monday, 4 June 2018	Giving back: #TwitterForGood Day spring 2018	Events	Colin Crowell 	https://blog.twitter.com/en_us/topics/events/2018/tfgmay2018	
Thursday, 24 May 2018	Increasing transparency for political campaigning ads on Twitter	Company	Vijaya Gadde	https://blog.twitter.com/en_us/topics/company/2018/Increasing-Transparency-for-Political-Campaigning-Ads-on-Twitter	
Wednesday, 23 May 2018	Introducing US Election Labels for Midterm Candidates	Company	Bridget Coyne	https://blog.twitter.com/en_us/topics/company/2018/introducing-us-election-labels-for-midterm-candidates	
Tuesday, 15 May 2018	Embrace #Ramadan with various Twitter-only activations	Events		https://blog.twitter.com/en_us/topics/events/2018/Embrace-Ramadan-with-various-Twitter-only-activations	
Tuesday, 15 May 2018	 Serving healthy conversation 	Product	Del Harvey	https://blog.twitter.com/en_us/topics/product/2018/Serving_Healthy_Conversation	
Tuesday, 15 May 2018	The Global Conversation about the 2018 FIFA World Cup	Events	Jay Bavishi	https://blog.twitter.com/en_us/topics/events/2018/The-Global-Conversation-about-the-2018-FIFA-World-Cup	
Wednesday, 9 May 2018	World Press Freedom Day 2018	Events	Colin Crowell 	https://blog.twitter.com/en_us/topics/events/2018/wpfd2018	
Thursday, 3 May 2018	Keeping your account secure	Company	Parag Agrawal	https://blog.twitter.com/en_us/topics/company/2018/keeping-your-account-secure	
Tuesday, 1 May 2018	A new Twitter experience on Windows	Product	Charlie Croom	https://blog.twitter.com/en_us/topics/product/2018/a-new-twitter-experience-on-windows	
Tuesday, 24 April 2018	Continuing Our Commitments to Privacy & Transparency	Company	Damien Kieran 	https://blog.twitter.com/en_us/topics/company/2018/continuing-our-commitments-to-privacy-and-transparency	
Thursday, 5 April 2018	Serving the Public Conversation During Breaking Events	Company	Del Harvey	https://blog.twitter.com/en_us/topics/company/2018/Serving-the-Public-Conversation-During-Breaking-Events	
Thursday, 5 April 2018	Expanding and building #TwitterTransparency	Company		https://blog.twitter.com/en_us/topics/company/2018/twitter-transparency-report-12	
Tuesday, 3 April 2018	Take the field with @MLB on Twitter in 2018	Events		https://blog.twitter.com/en_us/topics/events/2018/Take-the-field-with-MLB-on-Twitter-in-2018	
Tuesday, 3 April 2018	Here’s how Villanova’s National Championship victory happened on Twitter	Events	 David Herman	https://blog.twitter.com/en_us/topics/events/2018/How-Villanova-National-Championship-victory-happened-on-Twitter	
Friday, 30 March 2018	How to join the #FinalFour conversation on Twitter	Events	 David Herman	https://blog.twitter.com/en_us/topics/events/2018/How-to-join-the-FinalFour-conversation-on-Twitter	
Thursday, 29 March 2018	Introducing Timestamps: A new way to share live videos	Product	Mike Folgner	https://blog.twitter.com/en_us/topics/product/2018/video-timestamps	
Tuesday, 27 March 2018	Black History is #WhatsHappening	Events		https://blog.twitter.com/en_us/topics/events/2018/bhm2018	
Tuesday, 27 March 2018	Expanding the Twitter Official Partner program with creative solutions	Product	Jillian Blazejewski	https://blog.twitter.com/en_us/topics/product/2018/Expanding-the-Twitter-Official-Partner-Program-with-Creative-Solutions	
Sunday, 4 March 2018	The 90th Annual Academy Awards on Twitter	Events	Rebecca Bienstock	https://blog.twitter.com/en_us/topics/events/2018/the-90th-annual-academy-awards-on-twitter	
Friday, 2 March 2018	Growing Together at Twitter	Company		https://blog.twitter.com/en_us/topics/company/2018/growingtogetherattwitter	
Thursday, 1 March 2018	Twitter health metrics proposal submission	Company	X	https://blog.twitter.com/en_us/topics/company/2018/twitter-health-metrics-proposal-submission	
Wednesday, 28 February 2018	An easier way to save and share Tweets	Product	Jesar Shah	https://blog.twitter.com/en_us/topics/product/2018/an-easier-way-to-save-and-share-tweets	
Tuesday, 27 February 2018	Recapping the 2018 Winter Olympics on Twitter	Events	Jay Bavishi	https://blog.twitter.com/en_us/topics/events/2018/Recapping-the-2018-Winter-Olympics-on-Twitter	
Thursday, 22 February 2018	Update on Amplify Publisher Program requirements	Product	Mike Park	https://blog.twitter.com/en_us/topics/product/2018/Update-on-Amplify-Publisher-Program-Requirements	
Thursday, 15 February 2018	Gaming and esports are happening on Twitter	Events	Rishi Chadha	https://blog.twitter.com/en_us/topics/events/2018/Gaming-and-esports-are-happening-on-Twitter	
Wednesday, 14 February 2018	Bridging the gap between the consumer and the advertiser	Product	Bruce Falck	https://blog.twitter.com/en_us/topics/product/2018/Bridging-the-Gap-Between-the-Consumer-and-the-Advertiser	
Sunday, 11 February 2018	Celebrate the #LunarNewYear with Year of the Dog Emoji	Events	Philip Chua	https://blog.twitter.com/en_us/topics/events/2018/Celebrate-the-LunarNewYear-with-Year-of-the-Dog-Emoji	
Friday, 9 February 2018	Follow the 2018 Winter @Olympics on Twitter	Events	Jay Bavishi	https://blog.twitter.com/en_us/topics/events/2018/Follow-the-2018-Winter-Olympics-on-Twitter	
Thursday, 8 February 2018	Twitter Celebrates #SaferInternetDay 2018 	Company		https://blog.twitter.com/en_us/topics/company/2018/SaferInternetDay2018	
Monday, 5 February 2018	How the @Eagles #SB52 victory played out on Twitter	Events		https://blog.twitter.com/en_us/topics/events/2018/How-the-Eagles-SB52-victory-played-out-on-Twitter	
Sunday, 4 February 2018	Twitter announces winners of first-ever #BrandBowl	Events		https://blog.twitter.com/en_us/topics/events/2018/Twitter-Announces-Winners-of-First-Ever-BrandBowl	
Wednesday, 31 January 2018	How the 2018 #SOTU was Tweeted	Events	Bridget Coyne	https://blog.twitter.com/en_us/topics/events/2018/how-the-2018-sotu-was-tweeted	
Tuesday, 30 January 2018	Here’s What’s Happening on Twitter for Super Bowl 52	Events		https://blog.twitter.com/en_us/topics/events/2018/Heres-Whats-Happening-on-Twitter-for-Super-Bowl-52	
Monday, 29 January 2018	Twitter invites brands to compete in first-ever #BrandBowl	Events		https://blog.twitter.com/en_us/topics/events/2018/Twitter-Invites-Brands-to-Compete-in-First-Ever-BrandBowl	
Monday, 29 January 2018	How the 60th Annual Grammy Awards played out on Twitter	Events	Kevin O'Donnell	https://blog.twitter.com/en_us/topics/events/2018/how-the-60th-annual-grammy-awards-played-out-on-twitter	
Wednesday, 14 February 2018	Bridging the gap between the consumer and the advertiser	Product	Bruce Falck	https://blog.twitter.com/en_us/topics/product/2018/Bridging-the-Gap-Between-the-Consumer-and-the-Advertiser	
Sunday, 11 February 2018	Celebrate the #LunarNewYear with Year of the Dog Emoji	Events	Philip Chua	https://blog.twitter.com/en_us/topics/events/2018/Celebrate-the-LunarNewYear-with-Year-of-the-Dog-Emoji	
Friday, 9 February 2018	Follow the 2018 Winter @Olympics on Twitter	Events	Jay Bavishi	https://blog.twitter.com/en_us/topics/events/2018/Follow-the-2018-Winter-Olympics-on-Twitter	
Thursday, 8 February 2018	Twitter Celebrates #SaferInternetDay 2018 	Company		https://blog.twitter.com/en_us/topics/company/2018/SaferInternetDay2018	
Monday, 5 February 2018	How the @Eagles #SB52 victory played out on Twitter	Events		https://blog.twitter.com/en_us/topics/events/2018/How-the-Eagles-SB52-victory-played-out-on-Twitter	
Sunday, 4 February 2018	Twitter announces winners of first-ever #BrandBowl	Events		https://blog.twitter.com/en_us/topics/events/2018/Twitter-Announces-Winners-of-First-Ever-BrandBowl	
Wednesday, 31 January 2018	How the 2018 #SOTU was Tweeted	Events	Bridget Coyne	https://blog.twitter.com/en_us/topics/events/2018/how-the-2018-sotu-was-tweeted	
Tuesday, 30 January 2018	Here’s What’s Happening on Twitter for Super Bowl 52	Events		https://blog.twitter.com/en_us/topics/events/2018/Heres-Whats-Happening-on-Twitter-for-Super-Bowl-52	
Monday, 29 January 2018	Twitter invites brands to compete in first-ever #BrandBowl	Events		https://blog.twitter.com/en_us/topics/events/2018/Twitter-Invites-Brands-to-Compete-in-First-Ever-BrandBowl	
Monday, 29 January 2018	How the 60th Annual Grammy Awards played out on Twitter	Events	Kevin O'Donnell	https://blog.twitter.com/en_us/topics/events/2018/how-the-60th-annual-grammy-awards-played-out-on-twitter	
Wednesday, 13 December 2017	Let’s Sign Up. Let’s Explore. Let’s Go Twitter. 	Company	Leslie Berland	https://blog.twitter.com/en_us/topics/company/2017/Lets-Sign-Up-Lets-Explore-Lets-Go-Twitter	
Tuesday, 12 December 2017	Nice Threads	Product	Sasank Reddy	https://blog.twitter.com/en_us/topics/product/2017/nicethreads	
Monday, 4 December 2017	Update on the Global Internet Forum to Counter Terrorism 	Events		https://blog.twitter.com/en_us/topics/events/2017/GIFCTupdate	
Friday, 1 December 2017	The High Stakes for Net Neutrality	Events	Lauren Culbertson	https://blog.twitter.com/en_us/topics/events/2017/netneutralityupdatedec2017	
Thursday, 30 November 2017	Twitter Lite in the Google Play Store in 24 more countries	Product	Jesar Shah	https://blog.twitter.com/en_us/topics/product/2017/twitter-lite-in-the-google-play-store-in-24-more-countries	
Thursday, 30 November 2017	#WorldCupDraw conversation is happening on Twitter	Events	Jay Bavishi	https://blog.twitter.com/en_us/topics/events/2017/WorldCupDraw-conversation-is-happening-on-Twitter	
Monday, 27 November 2017	#TechWomen17 Is Happening	Events	Elizabeth Deng	https://blog.twitter.com/en_us/topics/events/2017/techwomen2017	
Friday, 17 November 2017	#TwitterForGood Day Fall 2017	Events	Caroline Barlerin	https://blog.twitter.com/en_us/topics/events/2017/twitterforgoodfall2017	
Wednesday, 15 November 2017	Cryptocurrency: The Discussion on Twitter Keeps Growing	Insights	Jared Podnos	https://blog.twitter.com/en_us/topics/insights/2017/Cryptocurrency-The-Discussion-on-Twitter-Keeps-Growing	
Friday, 10 November 2017	Twitter’s Contribution to Media Literacy Week	Events	Lucia Gamboa	https://blog.twitter.com/en_us/topics/events/2017/medialiteracyweek2017	
Tuesday, 7 November 2017	Tweeting Made Easier	Product	Aliza Rosen	https://blog.twitter.com/en_us/topics/product/2017/tweetingmadeeasier	
Tuesday, 7 November 2017	Staying connected to #ElectionDay with Twitter	Events	Bridget Coyne	https://blog.twitter.com/en_us/topics/events/2017/electionday2017	
Tuesday, 7 November 2017	#HolidayIsHappening: Twitter launches first holiday insights campaign	Insights	X Marketing	https://blog.twitter.com/en_us/topics/insights/2017/HolidayIsHappening-Twitter-Launches-First-Holiday-Insights-Campaign	
Friday, 3 November 2017	Clarifying the Twitter Rules	Company		https://blog.twitter.com/en_us/topics/company/2017/Clarifying_The_Twitter_Rules	
Thursday, 2 November 2017	How the @astros #WorldSeries victory played out on Twitter	Events		https://blog.twitter.com/en_us/topics/events/2017/2017WorldSeriesTwitter	
Tuesday, 31 October 2017	US Senate Committee on the Judiciary: Opening Remarks	Company	Sean Edgett	https://blog.twitter.com/en_us/topics/company/2017/opening_remarks	
Tuesday, 31 October 2017	U.S. Senate Committee on the Judiciary: Opening Remarks	Company	Sean Edgett	https://blog.twitter.com/en_us/topics/company/2017/congressional_hearings_preview	
Thursday, 26 October 2017	Announcement: RT and Sputnik Advertising	Company		https://blog.twitter.com/en_us/topics/company/2017/Announcement-RT-and-Sputnik-Advertising	
Tuesday, 24 October 2017	New transparency for ads on Twitter	Product	Bruce Falck	https://blog.twitter.com/en_us/topics/product/2017/New-Transparency-For-Ads-on-Twitter	
Friday, 20 October 2017	How policy changes work	Company		https://blog.twitter.com/en_us/topics/company/2017/HowPolicyChangesWork	
Thursday, 19 October 2017	Introducing #Fuel, here to power your next creative campaign	Product	Stacy Minero	https://blog.twitter.com/en_us/topics/product/2017/Introducing-Fuel-here-to-power-your-next-creative-campaign	
Thursday, 19 October 2017	A calendar of our safety work 	Company		https://blog.twitter.com/en_us/topics/company/2017/safetycalendar	
Tuesday, 17 October 2017	Make your videos work harder with the Video Website Card	Product	Sean Huang	https://blog.twitter.com/en_us/topics/product/2017/Make-your-videos-work-harder-with-the-Video-Website-Card	
Tuesday, 17 October 2017	Inside the 2017-18 @NBA season on Twitter	Events		https://blog.twitter.com/en_us/topics/events/2017/Insidethe201718NBAseasononTwitter	
Thursday, 12 October 2017	Twitter partners with Cybersmile on inaugural #TweetForACause initiative	Company	Cybersmile Foundation	https://blog.twitter.com/en_us/topics/company/2017/niche_cybersmile	
Wednesday, 4 October 2017	#Promote Innovation Challenge: Announcing the 2017 Winners	Events	Jillian Blazejewski	https://blog.twitter.com/en_us/topics/events/2017/Promote-Innovation-Challenge-Announcing-the-2017-Winners	
Monday, 2 October 2017	During #HispanicHeritage, immigration is ‘what’s happening’	Company	Andrea Pereira	https://blog.twitter.com/en_us/topics/company/2017/HispanicHeritage2017	
Thursday, 28 September 2017	Update: Russian interference in the 2016 US presidential election	Company		https://blog.twitter.com/en_us/topics/company/2017/Update-Russian-Interference-in-2016--Election-Bots-and-Misinformation	
Wednesday, 27 September 2017	Empowering Freedom of Expression for National Voter Registration Day	Events	Bridget Coyne	https://blog.twitter.com/en_us/topics/events/2017/national-voter-reg-day-2017	
Tuesday, 26 September 2017	Giving you more characters to express yourself 	Product	Aliza Rosen	https://blog.twitter.com/en_us/topics/product/2017/Giving-you-more-characters-to-express-yourself	
Friday, 22 September 2017	Guest blogpost: Inferring Jakarta Commuting Statistics from Twitter Data	Events		https://blog.twitter.com/en_us/topics/events/2017/PulseLabJakarta	
Tuesday, 19 September 2017	New data, new insights: Twitter’s latest #Transparency Report	Company	Twitter Public Policy	https://blog.twitter.com/en_us/topics/company/2017/new-data-insights-twitters-latest-transparency-report	
Sunday, 17 September 2017	How the 2017 #Emmys lit up Twitter	Events	Rebecca Bienstock	https://blog.twitter.com/en_us/topics/events/2017/how-the-2017-emmys-lit-up-twitter	
Wednesday, 30 August 2017	#Ferguson - Three Years On	Events	Twitter Blackbirds	https://blog.twitter.com/en_us/topics/events/2017/ferguson-third-anniversary	
Sunday, 27 August 2017	The 2017 #VMAs according to Tweets	Events	Kevin O'Donnell	https://blog.twitter.com/en_us/topics/events/2017/the-vmas-according-to-tweets	
Thursday, 24 August 2017	Who Run The World? Girls.	Events	Twitter Women	https://blog.twitter.com/en_us/topics/events/2017/gwc2017	
Wednesday, 23 August 2017	The hashtag at 10 years young	Product		https://blog.twitter.com/en_us/topics/product/2017/the-hashtag-at-ten-years-young	
Monday, 31 July 2017	Global Internet Forum to Counter Terrorism to hold first meeting 	Insights	X	https://blog.twitter.com/en_us/topics/insights/2017/Global-Internet-Forum-to-Counter-Terrorism-to-hold-first-meeting	
Thursday, 20 July 2017	Our Safety Work: Results Update	Product	Ed Ho	https://blog.twitter.com/en_us/topics/product/2017/Our-Safety-Work-Results-Update	
Thursday, 20 July 2017	#PrideIsHappening	Events	Blair Hunter	https://blog.twitter.com/en_us/topics/events/2017/prideishappening	
Thursday, 13 July 2017	#SheInspiresMe: An Original Work 	Company	Leslie Berland	https://blog.twitter.com/en_us/topics/company/2017/she-inspires-me-an-original-work	
Tuesday, 11 July 2017	Join the Fight for #NetNeutrality	Company	Lauren Culbertson	https://blog.twitter.com/en_us/topics/company/2017/Join-the-Fight-for-NetNeutrality	
Wednesday, 28 June 2017	Finance Tweets of the Month: June 2017	Insights	Jared Podnos	https://blog.twitter.com/en_us/topics/insights/2017/Finance-Tweets-of-the-Month-June-2017	
Tuesday, 27 June 2017	Here’s what happened on Twitter during #Ramadan and #Eid	Events		https://blog.twitter.com/en_us/topics/events/2017/Eid2017	
Monday, 26 June 2017	Global Internet Forum to Counter Terrorism	Company	Twitter Public Policy	https://blog.twitter.com/en_us/topics/company/2017/Global-Internet-Forum-to-Counter-Terrorism	
Wednesday, 21 June 2017	Our First Trust & Safety Council Summit	Company	Del Harvey	https://blog.twitter.com/en_us/topics/company/2017/Our-First-Trust-Safety-Council-Summit	
Monday, 19 June 2017	#SeeEverySide	Company	Leslie Berland	https://blog.twitter.com/en_us/topics/company/2017/see-every-side	
Thursday, 15 June 2017	Check out our new look!	Product	Grace Kim	https://blog.twitter.com/en_us/topics/product/2017/Check-out-our-new-look	
Wednesday, 14 June 2017	Our approach to bots and misinformation 	Company	Colin Crowell 	https://blog.twitter.com/en_us/topics/company/2017/Our-Approach-Bots-Misinformation	
Tuesday, 13 June 2017	Businesses can now add buttons to drive actions in Direct Messages	Product		https://blog.twitter.com/en_us/topics/product/2017/Businesses-can-now-add-buttons-to-drive-actions-in-Direct-Messages	
Tuesday, 13 June 2017	How the @warriors dominant #NBAFinals run happened on Twitter	Events		https://blog.twitter.com/en_us/topics/events/2017/How-the-warriors-dominant-NBAFinals-run-happened-on-Twitter	
Wednesday, 7 June 2017	Consumer Insights for Finance with Twitter Data	Insights	Jared Podnos	https://blog.twitter.com/en_us/topics/insights/2017/Consumer-Insights-for-Finance-with-Twitter-Data	
Wednesday, 7 June 2017	Does Baseball’s No-Hitter Jinx Exist?	Insights	Elaine Filadelfo	https://blog.twitter.com/en_us/topics/insights/2017/Does-Baseball-No-Hitter-Jinx-Exist	
Thursday, 1 June 2017	Twitter NeighborNest Turns Two	Events		https://blog.twitter.com/en_us/topics/events/2017/neighbornestturnstwo	
Thursday, 1 June 2017	The #NBAFinals are set to tip off on Twitter	Events		https://blog.twitter.com/en_us/topics/events/2017/The-NBAFinals-are-set-to-tip-off-on-Twitter	
Friday, 26 May 2017	Here's what's happening for #Ramadan on Twitter	Events		https://blog.twitter.com/en_us/topics/events/2017/Ramadan	
Tuesday, 23 May 2017	Drive discovery of bots and other customer experiences in Direct Message	Product	Travis Lull	https://blog.twitter.com/en_us/topics/product/2017/Drive-Discovery-of-Personalized-Customer-Experiences-in-Direct-Messages	
Wednesday, 17 May 2017	Building new data controls and updating our privacy policy	Product	X	https://blog.twitter.com/en_us/topics/product/2017/Building-new-data-controls-and-updating-our-privacy-policy	
Friday, 12 May 2017	#TwitterForGood Day	Events	Caroline Barlerin	https://blog.twitter.com/en_us/topics/events/2017/TwitterForGood-Day	
Tuesday, 9 May 2017	#NuggsForCarter is now the most Retweeted Tweet of all time	Events	X	https://blog.twitter.com/en_us/topics/events/2017/-nuggsforcarter-is-now-the-most-retweeted-tweet-of-all-time	
Wednesday, 3 May 2017	#PressFreedom 2017	Events	Colin Crowell 	https://blog.twitter.com/en_us/topics/events/2017/-pressfreedom-2017	
Wednesday, 3 May 2017	Finance Tweets of the Month: April 2017	Insights	Jared Podnos	https://blog.twitter.com/en_us/topics/insights/2017/finance-tweets-of-the-month--april-2017	
Tuesday, 2 May 2017	New premium video content coming to Twitter	Product	Matt Derella	https://blog.twitter.com/en_us/topics/product/2017/new-premium-video-content-coming-to-twitter	
Tuesday, 18 April 2017	How In-Stream Video Ads on Twitter help marketers tell their story	Events	Mo Al Adham	https://blog.twitter.com/en_us/topics/events/2017/how-in-stream-video-ads-on-twitter-help-marketers-tell-their-sto	
Monday, 10 April 2017	Introducing Custom Hearts: a New Way to Amplify Your Campaign	Product	Mike Folgner	https://blog.twitter.com/en_us/topics/product/2017/introducing-custom-hearts-a-new-way-to-amplify-your-campaign	
Monday, 10 April 2017	Helping brand marketers measure the impact of their advertising	Insights	Ivan Santana	https://blog.twitter.com/en_us/topics/insights/2017/helping-brand-marketers-measure-the-impact-of-their-advertising	
Thursday, 6 April 2017	Introducing Twitter Lite	Product	Patrick Traughber	https://blog.twitter.com/en_us/topics/product/2017/introducing-twitter-lite	
Wednesday, 5 April 2017	Step to the plate with @MLB on Twitter	Events	TJ Adeshola	https://blog.twitter.com/en_us/topics/events/2017/step-to-the-plate-with-mlb-on-twitter	
Tuesday, 4 April 2017	How North Carolina’s #NationalChampionship victory played out on Twitter	Events	 David Herman	https://blog.twitter.com/en_us/topics/events/2017/how-north-carolinas-nationalchampionship-victory-played-out-on-t	
Monday, 3 April 2017	Businesses can now share and request locations in Direct Messages	Product	Ian Cairns	https://blog.twitter.com/en_us/topics/product/2017/businesses-can-now-share-and-request-locations-in-direct-message	
Friday, 31 March 2017	Rethinking our default profile photo	Product	Twitter Design	https://blog.twitter.com/en_us/topics/product/2017/rethinking-our-default-profile-photo	
Thursday, 30 March 2017	Now on Twitter: 140 characters for your replies	Product	Sasank Reddy	https://blog.twitter.com/en_us/topics/product/2017/now-on-twitter-140-characters-for-your-replies	
Thursday, 30 March 2017	The journey to the #FinalFour happened on Twitter	Events	 David Herman	https://blog.twitter.com/en_us/topics/events/2017/the-journey-to-the-finalfour-happened-on-twitter	
Tuesday, 28 March 2017	Expanding Pre-Roll Ads to Periscope Video	Product	Mike Folgner	https://blog.twitter.com/en_us/topics/product/2017/expanding-pre-roll-ads-to-periscope-video	
Tuesday, 21 March 2017	Our tenth Twitter #Transparency Report	Company	Jeremy Kessel	https://blog.twitter.com/en_us/topics/company/2017/our-tenth-twitter-transparency-report	
Wednesday, 15 March 2017	#MarchMadness is happening on Twitter	Events	 David Herman	https://blog.twitter.com/en_us/topics/events/2017/marchmadness-is-happening-on-twitter	
Thursday, 9 March 2017	140journos partners with Twitter to promote online safety & citizen jour	Company	Engin Onder	https://blog.twitter.com/en_us/topics/company/2017/140journos-partners-with-twitter	
Wednesday, 8 March 2017	#SheInspiresMe: Celebrating International Women’s Day	Events	Elaine Filadelfo	https://blog.twitter.com/en_us/topics/events/2017/sheinspiresme--celebrating-international-womens-day	
Monday, 6 March 2017	Twitter at #MWC17: Here’s what happened	Events	X Marketing	https://blog.twitter.com/en_us/topics/events/2017/twitter-at-mwc17-heres-what-happened	
Wednesday, 1 March 2017	Our Latest Update on Safety	Product	Ed Ho	https://blog.twitter.com/en_us/topics/product/2017/our-latest-update-on-safety	
Wednesday, 22 February 2017	Personalize customer experiences in Direct Messages	Product	Ian Cairns	https://blog.twitter.com/en_us/topics/product/2017/personalize-customer-experiences-in-direct-messages	
Wednesday, 22 February 2017	Twitter at #MWC17: It’s What’s Happening	Events	Bruce Daisley	https://blog.twitter.com/en_us/topics/events/2017/twitter-at-mwc17-its-whats-happening	
Friday, 17 February 2017	#NBAAllStar on Twitter: Emojis, MVP fan vote, and more	Events		https://blog.twitter.com/en_us/topics/events/2017/nbaallstar-on-twitter-emojis-mvp-fan-vote-and-more	
Friday, 10 February 2017	#LoveHappens on Twitter	Events	Joel Lunenfeld	https://blog.twitter.com/en_us/topics/events/2017/lovehappens-on-twitter	
Tuesday, 7 February 2017	An Update on Safety	Product	Ed Ho	https://blog.twitter.com/en_us/topics/product/2017/an-update-on-safety	
Monday, 6 February 2017	How the @Patriots #SB51 victory conversation happened live on Twitter	Events	Andrew Barge	https://blog.twitter.com/en_us/topics/events/2017/how-the-patriots-sb51-victory-conversation-happened-live-on-twitter	
Monday, 6 February 2017	The brands that won this year’s #SuperBowl	Events	Stacy Minero	https://blog.twitter.com/en_us/topics/events/2017/the-brands-that-won-this-years-superbowl	
Friday, 3 February 2017	Twitter marks Data Privacy Day with events in the US and Europe	Company		https://blog.twitter.com/en_us/topics/company/2017/twitter-marks-data-privacy-day-with-events-in-the-us-and-europe	
Thursday, 2 February 2017	Your #SB51 how-to-follow guide: @AtlantaFalcons vs. @Patriots	Events	Andrew Barge	https://blog.twitter.com/en_us/topics/events/2017/your-sb51-how-to-follow-guide-atlantafalcons-vs-patriots	
Monday, 30 January 2017	See how the #65thMissUniverse competition happened on Twitter	Events	 Pratiksha Rao	https://blog.twitter.com/en_us/topics/events/2017/see-how-the-65thmissuniverse-competition-happened-on-twitter	
Monday, 30 January 2017	The #AusOpen smashes it again on Twitter	Events	Jonno Simpson	https://blog.twitter.com/en_us/topics/events/2017/the-ausopen-smashes-it-again-on-twitter	
Friday, 27 January 2017	#Transparency update: Twitter discloses national security letters	Company	Elizabeth Banker	https://blog.twitter.com/en_us/topics/company/2017/transparency-update-twitter-discloses-national-security-letters	
Friday, 27 January 2017	dick clark productions and Twitter Partner to Live Stream Red Carpet	Events	Twitter PR	https://blog.twitter.com/en_us/topics/events/2017/dick-clark-productions-and-twitter-partner-to-live-stream-red-ca	
Thursday, 26 January 2017	Explore	Product	Angela Lam	https://blog.twitter.com/en_us/topics/product/2017/explore	
Thursday, 26 January 2017	Celebrate the #LunarNewYear With Year of the Rooster Emoji and Stickers	Events	Kathleen Reen	https://blog.twitter.com/en_us/topics/events/2017/celebrate-the-lunarnewyear-with-year-of-the-rooster-emoji-and-stickers-on-twitter	
Thursday, 19 January 2017	Building a more inclusive Twitter in 2016	Company	Jeffrey Siminoff	https://blog.twitter.com/en_us/topics/company/2017/building-a-more-inclusive-twitter-in-2016	
Thursday, 19 January 2017	Twitter and PBS NewsHour Partner to Live Stream Coverage of Inauguration	Events	Twitter PR	https://blog.twitter.com/en_us/topics/events/2017/twitter-and-pbs-newshour-partner-to-live-stream-coverage-of-inauguration-day-2017	
Thursday, 19 January 2017	PGA TOUR Announces Twitter as Global Live Stream Distribution Platform	Events	Twitter PR	https://blog.twitter.com/en_us/topics/events/2017/pga-tour-announces-twitter-as-global-live-stream-distribution-platform-for-pga-tour-live-ott	
Tuesday, 17 January 2017	The @AustralianOpen is back to light up 2017	Events	Jonno Simpson	https://blog.twitter.com/en_us/topics/events/2017/the--australianopen-is-back-to-light-up-2017	
Tuesday, 10 January 2017	How Clemson’s #NationalChampionship victory played out on Twitter	Events	 David Herman	https://blog.twitter.com/en_us/topics/events/2017/allin-how-clemson-s-nationalchampionship-victory-played-out-on-twitter	
Monday, 2 January 2017	Bringing #CES2017 straight to you, live from Vegas	Events	X Marketing	https://blog.twitter.com/en_us/topics/events/2017/bringing-ces2017-straight-to-you-live-from-vegas	
Wednesday, 28 December 2016	Check out live 360 video on Twitter	Product	Alessandro Sabatelli	https://blog.twitter.com/en_us/topics/product/2016/check-out-live-360-video-on-twitter	
Thursday, 22 December 2016	Resolution on Android update	Product	X Marketing	https://blog.twitter.com/en_us/topics/product/2016/resolution-on-android-update	
Thursday, 22 December 2016	#TwitterForGood Day around the world	Company	Spandana Singh	https://blog.twitter.com/en_us/topics/company/2016/-twitterforgood-day-around-the-world	
Friday, 16 December 2016	The most exciting goals of EURO 2016	Insights	Krist Wongsuphasawat	https://blog.twitter.com/en_us/topics/insights/2016/the-most-exciting-goals-of-euro-2016	
Tuesday, 6 December 2016	#ThisHappened in 2016	Events	Leslie Berland	https://blog.twitter.com/en_us/topics/events/2016/ThisHappened-in-2016	
Friday, 11 November 2016	Give it up for the winners of the first annual #TwitterAwards	Events	Jayanta Jenkins	https://blog.twitter.com/en_us/topics/events/2016/give-it-up-for-the-winners-of-the-first-annual-twitterawards	
Tuesday, 1 November 2016	Speed up customer service with quick replies & welcome messages	Product	Ian Cairns	https://blog.twitter.com/en_us/topics/product/2016/speed-up-customer-service-with-quick-replies-welcome-messages	
Wednesday, 5 October 2016	Study: Twitter customer care increases willingness to pay	Insights	Wayne Huang	https://blog.twitter.com/en_us/topics/insights/2016/study-twitter-customer-care-increases-willingness-to-pay-across-industries	
Wednesday, 28 September 2016	Introducing the new Website Conversions objective	Product	Rebecca Resnick	https://blog.twitter.com/en_us/topics/product/2016/introducing-the-new-website-conversions-objective	
Monday, 2 January 2017	Bringing #CES2017 straight to you, live from Vegas	Events	X Marketing	https://blog.twitter.com/en_us/topics/events/2017/bringing-ces2017-straight-to-you-live-from-vegas	
Wednesday, 28 December 2016	Check out live 360 video on Twitter	Product	Alessandro Sabatelli	https://blog.twitter.com/en_us/topics/product/2016/check-out-live-360-video-on-twitter	
Thursday, 22 December 2016	Resolution on Android update	Product	X Marketing	https://blog.twitter.com/en_us/topics/product/2016/resolution-on-android-update	
Thursday, 22 December 2016	#TwitterForGood Day around the world	Company	Spandana Singh	https://blog.twitter.com/en_us/topics/company/2016/-twitterforgood-day-around-the-world	
Friday, 16 December 2016	The most exciting goals of EURO 2016	Insights	Krist Wongsuphasawat	https://blog.twitter.com/en_us/topics/insights/2016/the-most-exciting-goals-of-euro-2016	
Tuesday, 6 December 2016	#ThisHappened in 2016	Events	Leslie Berland	https://blog.twitter.com/en_us/topics/events/2016/ThisHappened-in-2016	
Friday, 11 November 2016	Give it up for the winners of the first annual #TwitterAwards	Events	Jayanta Jenkins	https://blog.twitter.com/en_us/topics/events/2016/give-it-up-for-the-winners-of-the-first-annual-twitterawards	
Tuesday, 1 November 2016	Speed up customer service with quick replies & welcome messages	Product	Ian Cairns	https://blog.twitter.com/en_us/topics/product/2016/speed-up-customer-service-with-quick-replies-welcome-messages	
Wednesday, 5 October 2016	Study: Twitter customer care increases willingness to pay	Insights	Wayne Huang	https://blog.twitter.com/en_us/topics/insights/2016/study-twitter-customer-care-increases-willingness-to-pay-across-industries	
Wednesday, 28 September 2016	Introducing the new Website Conversions objective	Product	Rebecca Resnick	https://blog.twitter.com/en_us/topics/product/2016/introducing-the-new-website-conversions-objective	